{"type":"FeatureCollection","features":[{"type":"Feature","geometry":{"type":"Polygon","coordinates":[[[-87.10576,34.60562],[-87.10507,34.68604],[-87.12501,34.70159],[-87.12776,34.70474],[-87.13013,34.70862],[-87.13261,34.71681],[-87.13576,34.72142],[-87.13886,34.7241],[-87.15293,34.73289],[-87.16598,34.73918],[-87.17159,34.74286],[-87.1834,34.74809],[-87.19764,34.75009],[-87.21287,34.75968],[-87.22277,34.76323],[-87.22972,34.76403],[-87.25002,34.76231],[-87.27857,34.75276],[-87.2979,34.75081],[-87.34422,34.79649],[-87.37025,34.80499],[-87.39362,34.80178],[-87.41308,34.80074],[-87.42103,34.79939],[-87.42651,34.80002],[-87.42885,34.79459],[-87.4262,34.78824],[-87.42615,34.78641],[-87.42856,34.78195],[-87.43369,34.78087],[-87.43151,34.77876],[-87.43439,34.77361],[-87.43295,34.77268],[-87.42637,34.77293],[-87.41941,34.76958],[-87.41609,34.767],[-87.41593,34.76417],[-87.41778,34.75896],[-87.42799,34.75169],[-87.42652,34.75014],[-87.42508,34.74436],[-87.4225,34.741],[-87.42448,34.7393],[-87.42404,34.73812],[-87.42732,34.73878],[-87.42843,34.73792],[-87.43212,34.73743],[-87.43279,34.73129],[-87.43583,34.72953],[-87.43605,34.72704],[-87.4352,34.72601],[-87.43374,34.72587],[-87.43433,34.72414],[-87.43305,34.72363],[-87.43343,34.71791],[-87.42963,34.7162],[-87.42934,34.71443],[-87.42692,34.71263],[-87.42629,34.70933],[-87.43618,34.70339],[-87.43815,34.69997],[-87.44567,34.6988],[-87.44797,34.69696],[-87.45075,34.69644],[-87.45268,34.69301],[-87.45336,34.68647],[-87.4522,34.68572],[-87.44968,34.68023],[-87.45024,34.6792],[-87.4522,34.67915],[-87.45257,34.67724],[-87.45133,34.6764],[-87.44735,34.67938],[-87.44304,34.67553],[-87.44723,34.6711],[-87.44849,34.66607],[-87.44813,34.66444],[-87.44548,34.66337],[-87.44336,34.6613],[-87.44516,34.66059],[-87.44541,34.65935],[-87.44667,34.6595],[-87.44773,34.65866],[-87.44492,34.65391],[-87.44572,34.65107],[-87.44767,34.64938],[-87.44927,34.65],[-87.44955,34.6489],[-87.45505,34.65023],[-87.45582,34.64773],[-87.46008,34.64972],[-87.46084,34.64744],[-87.46044,34.64641],[-87.459,34.64646],[-87.45914,34.6443],[-87.46822,34.6487],[-87.47679,34.65146],[-87.48358,34.64825],[-87.48448,34.6459],[-87.48239,34.64458],[-87.48269,34.6427],[-87.47803,34.64033],[-87.4769,34.63763],[-87.48022,34.63651],[-87.48139,34.63685],[-87.48182,34.63817],[-87.48244,34.63706],[-87.48514,34.63722],[-87.48517,34.63653],[-87.48292,34.6362],[-87.48344,34.6354],[-87.48616,34.63502],[-87.48396,34.63405],[-87.48604,34.63228],[-87.48354,34.6319],[-87.48391,34.62979],[-87.48663,34.6301],[-87.4886,34.62756],[-87.49103,34.62795],[-87.49104,34.62579],[-87.49264,34.62737],[-87.49285,34.62539],[-87.49691,34.62599],[-87.49418,34.6244],[-87.49468,34.62333],[-87.49898,34.62447],[-87.49943,34.623],[-87.50078,34.62277],[-87.49988,34.62102],[-87.50163,34.62001],[-87.5024,34.61819],[-87.50433,34.61658],[-87.50661,34.61691],[-87.50698,34.61526],[-87.50384,34.61377],[-87.50407,34.61082],[-87.5027,34.6093],[-87.50575,34.60802],[-87.50651,34.60483],[-87.50762,34.60405],[-87.50808,34.60242],[-87.50895,34.60324],[-87.50891,34.60468],[-87.51089,34.60363],[-87.51183,34.60205],[-87.51124,34.59931],[-87.514,34.59876],[-87.51479,34.59785],[-87.51391,34.59476],[-87.51017,34.59489],[-87.50941,34.59427],[-87.51218,34.58949],[-87.50934,34.58832],[-87.50712,34.58596],[-87.50772,34.58311],[-87.51078,34.57876],[-87.51592,34.57898],[-87.51856,34.57748],[-87.51948,34.5715],[-87.51583,34.56884],[-87.51573,34.56797],[-87.51798,34.56624],[-87.52018,34.56828],[-87.52272,34.56821],[-87.52387,34.57036],[-87.52465,34.56863],[-87.52441,34.56693],[-87.52967,34.56708],[-87.52973,34.5001],[-87.53102,34.408],[-87.52972,34.3046],[-87.50042,34.3045],[-87.30249,34.2994],[-87.10991,34.2993],[-87.11008,34.3865],[-87.10699,34.49898],[-87.10576,34.60562]]]},"properties":{"GEOID":"01079","BASENAME":"Lawrence","NAME":"Lawrence County"}},{"type":"Feature","geometry":{"type":"Polygon","coordinates":[[[-88.16558,34.38394],[-88.17363,34.32105],[-88.02807,34.31561],[-87.94003,34.3132],[-87.82293,34.311],[-87.71903,34.31],[-87.61235,34.30625],[-87.52972,34.3046],[-87.53102,34.408],[-87.52973,34.5001],[-87.52967,34.56708],[-87.75003,34.57191],[-87.93867,34.57478],[-88.13999,34.5817],[-88.15629,34.46321],[-88.16558,34.38394]]]},"properties":{"GEOID":"01059","BASENAME":"Franklin","NAME":"Franklin County"}},{"type":"Feature","geometry":{"type":"Polygon","coordinates":[[[-86.14981,34.53335],[-86.14979,34.53015],[-86.15428,34.53006],[-86.15423,34.53378],[-86.14981,34.53363],[-86.1498,34.53479],[-86.14413,34.53426],[-86.14327,34.54117],[-86.15508,34.5502],[-86.14943,34.54975],[-86.14846,34.59907],[-86.24561,34.60012],[-86.32696,34.59974],[-86.32433,34.59829],[-86.31602,34.59963],[-86.31081,34.59552],[-86.30347,34.59338],[-86.30313,34.59263],[-86.30647,34.5873],[-86.30728,34.58251],[-86.30237,34.58213],[-86.29968,34.58018],[-86.30022,34.57942],[-86.30368,34.57951],[-86.314,34.57659],[-86.31941,34.57595],[-86.32235,34.57645],[-86.32718,34.5721],[-86.32879,34.57217],[-86.33061,34.57353],[-86.33158,34.573],[-86.33192,34.57049],[-86.32977,34.56832],[-86.33063,34.56653],[-86.32978,34.56563],[-86.32177,34.56515],[-86.31264,34.56294],[-86.30945,34.56405],[-86.30732,34.56255],[-86.30663,34.56106],[-86.31167,34.55394],[-86.31156,34.55104],[-86.31304,34.55034],[-86.31102,34.53948],[-86.31522,34.53693],[-86.3245,34.52914],[-86.32757,34.52351],[-86.3274,34.52033],[-86.32809,34.51902],[-86.33295,34.51826],[-86.33234,34.5162],[-86.32992,34.51481],[-86.33016,34.51271],[-86.3344,34.51264],[-86.33522,34.51179],[-86.33432,34.50959],[-86.33756,34.50972],[-86.34277,34.51454],[-86.34758,34.51718],[-86.35083,34.52027],[-86.35311,34.5211],[-86.35526,34.52351],[-86.35679,34.52074],[-86.3625,34.51902],[-86.36441,34.51599],[-86.36921,34.51375],[-86.38101,34.5205],[-86.38445,34.52054],[-86.38555,34.51787],[-86.38739,34.51691],[-86.38866,34.51763],[-86.38858,34.51937],[-86.39081,34.52007],[-86.39206,34.51944],[-86.39243,34.5181],[-86.39175,34.51569],[-86.39039,34.51433],[-86.39088,34.51202],[-86.38964,34.51075],[-86.3919,34.50963],[-86.39215,34.50789],[-86.39131,34.50712],[-86.38746,34.50828],[-86.38673,34.50763],[-86.38754,34.50524],[-86.39011,34.50508],[-86.38842,34.50305],[-86.38961,34.50155],[-86.38906,34.49968],[-86.39127,34.49927],[-86.3921,34.49782],[-86.39794,34.49505],[-86.40079,34.49535],[-86.40381,34.49722],[-86.4064,34.49554],[-86.40844,34.49567],[-86.40995,34.4944],[-86.41224,34.4943],[-86.41493,34.49001],[-86.42401,34.47951],[-86.4257,34.47931],[-86.4319,34.48117],[-86.43537,34.48352],[-86.45286,34.48414],[-86.46891,34.47563],[-86.47549,34.47976],[-86.4866,34.47998],[-86.49999,34.48229],[-86.53048,34.50009],[-86.53452,34.50428],[-86.53594,34.5136],[-86.54757,34.53524],[-86.55055,34.53939],[-86.55113,34.54257],[-86.55017,34.54596],[-86.55077,34.54566],[-86.55339,34.54251],[-86.55278,34.53995],[-86.56486,34.47222],[-86.58132,34.37109],[-86.58194,34.30469],[-86.47753,34.30276],[-86.477,34.28936],[-86.45945,34.28915],[-86.45965,34.27456],[-86.45111,34.27454],[-86.45628,34.26337],[-86.45285,34.26326],[-86.45302,34.25932],[-86.44413,34.25912],[-86.44507,34.24954],[-86.40902,34.205],[-86.33002,34.1251],[-86.32126,34.11535],[-86.31366,34.11179],[-86.31102,34.10662],[-86.30469,34.10154],[-86.30352,34.09907],[-86.20047,34.17703],[-86.19616,34.17843],[-86.19353,34.18166],[-86.19133,34.18178],[-86.18814,34.18368],[-86.18139,34.18239],[-86.17752,34.1843],[-86.17466,34.18271],[-86.17214,34.18532],[-86.17122,34.18514],[-86.17019,34.1864],[-86.16716,34.18747],[-86.10561,34.18623],[-86.1074,34.24322],[-86.11003,34.39295],[-86.11883,34.39298],[-86.11889,34.40385],[-86.11002,34.40387],[-86.11036,34.4278],[-86.05771,34.47599],[-86.06483,34.47214],[-86.06997,34.47077],[-86.07436,34.4667],[-86.07867,34.46622],[-86.08276,34.46447],[-86.08763,34.46656],[-86.08982,34.46921],[-86.08747,34.47805],[-86.08773,34.48178],[-86.09569,34.48796],[-86.09756,34.49396],[-86.10021,34.4972],[-86.0981,34.49924],[-86.09986,34.50231],[-86.09986,34.50422],[-86.10464,34.50686],[-86.10266,34.50863],[-86.10099,34.50872],[-86.10304,34.51047],[-86.09842,34.51172],[-86.09715,34.51397],[-86.09567,34.51348],[-86.09844,34.51564],[-86.09995,34.51535],[-86.09743,34.5189],[-86.09496,34.51908],[-86.09488,34.51963],[-86.09785,34.5217],[-86.10018,34.52141],[-86.10431,34.51877],[-86.10904,34.51989],[-86.11117,34.52207],[-86.11054,34.5249],[-86.10824,34.52657],[-86.10977,34.52858],[-86.11142,34.52952],[-86.11374,34.52936],[-86.11651,34.52737],[-86.11784,34.525],[-86.11957,34.52447],[-86.12354,34.52741],[-86.12582,34.53253],[-86.12772,34.53385],[-86.13001,34.53258],[-86.13062,34.5293],[-86.1459,34.52],[-86.14776,34.5209],[-86.13985,34.5333],[-86.14981,34.53335]]]},"properties":{"GEOID":"01095","BASENAME":"Marshall","NAME":"Marshall County"}},{"type":"Feature","geometry":{"type":"Polygon","coordinates":[[[-87.51705,31.7534],[-87.51836,31.81439],[-87.50095,31.81402],[-87.50093,31.82925],[-87.55893,31.82751],[-87.62011,31.82712],[-87.62095,31.87039],[-87.63303,31.87604],[-87.66684,31.87575],[-87.66777,31.99135],[-87.75,31.99011],[-88.07349,31.99018],[-88.06635,31.98314],[-88.06712,31.98192],[-88.0743,31.97898],[-88.07593,31.97546],[-88.07428,31.96822],[-88.06952,31.96074],[-88.07076,31.95865],[-88.07931,31.95325],[-88.08091,31.95391],[-88.08466,31.9598],[-88.08738,31.96249],[-88.09238,31.96466],[-88.09668,31.96502],[-88.10078,31.96335],[-88.12259,31.94903],[-88.12206,31.94662],[-88.11656,31.93878],[-88.11507,31.93876],[-88.1087,31.94179],[-88.10635,31.94221],[-88.10411,31.94157],[-88.09777,31.93436],[-88.09115,31.92321],[-88.08922,31.92179],[-88.07575,31.93049],[-88.06772,31.9369],[-88.06531,31.93631],[-88.05927,31.93176],[-88.05587,31.92837],[-88.0547,31.925],[-88.05679,31.92176],[-88.05953,31.92031],[-88.06803,31.92326],[-88.07566,31.92268],[-88.08417,31.91353],[-88.08865,31.91078],[-88.09685,31.90929],[-88.10529,31.9097],[-88.11488,31.90623],[-88.12339,31.90702],[-88.12725,31.90659],[-88.12943,31.90494],[-88.13475,31.88426],[-88.14042,31.87097],[-88.1427,31.86264],[-88.14574,31.85996],[-88.1565,31.85564],[-88.15897,31.85258],[-88.16109,31.84773],[-88.16194,31.8408],[-88.1701,31.82775],[-88.17261,31.82487],[-88.17592,31.82355],[-88.1805,31.82013],[-88.18038,31.81455],[-88.17835,31.8099],[-88.16527,31.78897],[-88.16314,31.77362],[-88.15858,31.76614],[-88.15426,31.76191],[-88.14486,31.75405],[-88.14035,31.75153],[-88.13834,31.75118],[-88.13293,31.75332],[-88.1285,31.75709],[-88.12203,31.76077],[-88.11818,31.76194],[-88.11202,31.76252],[-88.10734,31.76195],[-88.10492,31.7608],[-88.10321,31.75815],[-88.09338,31.73752],[-88.09235,31.71499],[-88.08764,31.69596],[-88.08695,31.68618],[-88.08063,31.67785],[-88.07929,31.67492],[-88.07862,31.66676],[-88.07949,31.66153],[-88.08228,31.65955],[-88.09021,31.6585],[-88.09119,31.65706],[-88.08668,31.64717],[-88.08659,31.63938],[-88.08397,31.63032],[-88.08116,31.62516],[-88.07426,31.61638],[-88.07519,31.6121],[-88.07996,31.60577],[-88.08006,31.60319],[-88.07892,31.60121],[-88.07223,31.5945],[-88.0602,31.58733],[-88.05145,31.5835],[-88.03725,31.58342],[-88.02769,31.58425],[-88.02345,31.58302],[-88.01726,31.57577],[-88.01693,31.57362],[-88.01853,31.57196],[-88.02335,31.57092],[-88.03434,31.57506],[-88.0383,31.57501],[-88.03996,31.57394],[-88.03966,31.5716],[-88.03614,31.56796],[-88.03128,31.56049],[-88.01863,31.55237],[-88.01158,31.55098],[-87.9946,31.54206],[-87.9796,31.53815],[-87.97342,31.53145],[-87.94251,31.52672],[-87.93746,31.52291],[-87.93177,31.51656],[-87.92899,31.51224],[-87.92662,31.50517],[-87.92552,31.50385],[-87.9074,31.49444],[-87.90629,31.49285],[-87.90721,31.48808],[-87.90963,31.48277],[-87.91319,31.47638],[-87.91831,31.47024],[-87.91909,31.46714],[-87.91532,31.45258],[-87.91545,31.44977],[-87.91802,31.44731],[-87.92121,31.44602],[-87.93333,31.44405],[-87.93537,31.44118],[-87.93436,31.4386],[-87.93095,31.43671],[-87.92198,31.43654],[-87.91985,31.43542],[-87.91628,31.42985],[-87.91114,31.4244],[-87.91182,31.42181],[-87.91536,31.41936],[-87.91886,31.41834],[-87.92143,31.41618],[-87.92782,31.40784],[-87.92742,31.40575],[-87.92591,31.4047],[-87.92272,31.40467],[-87.91868,31.40776],[-87.9158,31.40844],[-87.91036,31.4072],[-87.90587,31.40473],[-87.90449,31.40102],[-87.90504,31.39828],[-87.91207,31.39453],[-87.9277,31.39657],[-87.9302,31.39562],[-87.93363,31.39197],[-87.93401,31.38569],[-87.93492,31.3844],[-87.93892,31.38127],[-87.9451,31.37879],[-87.94596,31.37718],[-87.94428,31.37517],[-87.94041,31.37486],[-87.93011,31.37942],[-87.92605,31.37986],[-87.92039,31.37599],[-87.91782,31.3757],[-87.91729,31.37673],[-87.92109,31.38438],[-87.92118,31.38732],[-87.91943,31.38941],[-87.91215,31.39086],[-87.90969,31.39079],[-87.90366,31.3884],[-87.90168,31.38684],[-87.898,31.38108],[-87.89561,31.38136],[-87.89231,31.38288],[-87.88981,31.38598],[-87.88975,31.38918],[-87.89364,31.39462],[-87.8924,31.39599],[-87.88985,31.39574],[-87.88818,31.39498],[-87.88741,31.3932],[-87.88737,31.3885],[-87.88856,31.38312],[-87.89281,31.37234],[-87.88886,31.36402],[-87.88925,31.36065],[-87.89358,31.35623],[-87.89648,31.35081],[-87.89694,31.34267],[-87.89836,31.34048],[-87.90365,31.33646],[-87.90547,31.33417],[-87.90588,31.32646],[-87.90807,31.32304],[-87.91024,31.32216],[-87.91294,31.32233],[-87.91595,31.32406],[-87.91671,31.32538],[-87.91682,31.3282],[-87.9131,31.33029],[-87.91049,31.33298],[-87.91012,31.33406],[-87.91145,31.33707],[-87.91741,31.34057],[-87.91971,31.34062],[-87.92175,31.33949],[-87.92308,31.33692],[-87.92323,31.33457],[-87.92161,31.32818],[-87.92463,31.32191],[-87.92431,31.31435],[-87.92627,31.31069],[-87.92911,31.3095],[-87.933,31.30922],[-87.93589,31.31065],[-87.94021,31.31464],[-87.95155,31.31509],[-87.9561,31.31645],[-87.96071,31.31586],[-87.96379,31.31398],[-87.96473,31.31119],[-87.96076,31.30443],[-87.95597,31.30078],[-87.94986,31.29916],[-87.94718,31.29497],[-87.94725,31.29117],[-87.94818,31.28934],[-87.95179,31.28629],[-87.95585,31.28461],[-87.95738,31.28179],[-87.95738,31.27965],[-87.95304,31.2719],[-87.95293,31.27012],[-87.95512,31.26774],[-87.95715,31.26729],[-87.95969,31.2678],[-87.96634,31.2714],[-87.97297,31.27092],[-87.97694,31.26872],[-87.98703,31.25831],[-87.98579,31.25568],[-87.9829,31.2552],[-87.97942,31.25652],[-87.97571,31.25921],[-87.97176,31.25962],[-87.96923,31.25836],[-87.96338,31.25017],[-87.95741,31.2478],[-87.9475,31.24656],[-87.94311,31.24333],[-87.94116,31.23909],[-87.93581,31.23146],[-87.93096,31.2271],[-87.93061,31.22528],[-87.93133,31.22455],[-87.93947,31.21939],[-87.94066,31.21139],[-87.94975,31.20539],[-87.95014,31.20086],[-87.94659,31.19293],[-87.94356,31.19233],[-87.94051,31.18976],[-87.93167,31.18951],[-87.92568,31.18612],[-87.91825,31.18561],[-87.91422,31.18674],[-87.91364,31.18736],[-87.9154,31.19071],[-87.91137,31.19106],[-87.91065,31.19336],[-87.90787,31.19554],[-87.90624,31.19916],[-87.90138,31.1988],[-87.89921,31.19735],[-87.89709,31.19966],[-87.89254,31.20163],[-87.8887,31.20482],[-87.88538,31.2052],[-87.88623,31.20261],[-87.88575,31.20139],[-87.88197,31.20054],[-87.87917,31.198],[-87.87667,31.19839],[-87.87389,31.2015],[-87.87333,31.20369],[-87.87568,31.21071],[-87.87567,31.21401],[-87.875,31.21474],[-87.86977,31.21576],[-87.86797,31.21458],[-87.86538,31.20973],[-87.85995,31.20463],[-87.8535,31.20345],[-87.84954,31.20611],[-87.8485,31.20838],[-87.8498,31.21158],[-87.85794,31.21645],[-87.85966,31.21844],[-87.86359,31.22611],[-87.86376,31.2311],[-87.86007,31.2354],[-87.85677,31.23707],[-87.85455,31.23723],[-87.84861,31.23483],[-87.84461,31.2295],[-87.84392,31.22703],[-87.84134,31.22541],[-87.83868,31.22596],[-87.83565,31.22864],[-87.83561,31.22974],[-87.83592,31.23105],[-87.84293,31.23479],[-87.84463,31.23794],[-87.84397,31.24066],[-87.83752,31.24543],[-87.83755,31.24836],[-87.84098,31.25087],[-87.84224,31.25305],[-87.84238,31.25547],[-87.84341,31.25599],[-87.84592,31.25528],[-87.84772,31.25374],[-87.85234,31.25371],[-87.85327,31.25596],[-87.85255,31.25847],[-87.85066,31.25983],[-87.84835,31.25985],[-87.8423,31.2574],[-87.8408,31.25588],[-87.83458,31.25839],[-87.83048,31.26497],[-87.82751,31.27712],[-87.8241,31.27926],[-87.82099,31.27949],[-87.81822,31.27862],[-87.8015,31.26981],[-87.79961,31.26954],[-87.793,31.27137],[-87.7868,31.27487],[-87.7839,31.27777],[-87.78374,31.28004],[-87.78477,31.28215],[-87.79352,31.28676],[-87.79535,31.28969],[-87.79556,31.29233],[-87.79824,31.29584],[-87.80281,31.3014],[-87.80897,31.30664],[-87.80979,31.31147],[-87.80797,31.3169],[-87.80402,31.31902],[-87.79928,31.31678],[-87.79744,31.30531],[-87.79332,31.30049],[-87.78878,31.29877],[-87.78849,31.29741],[-87.77997,31.29772],[-87.77158,31.29372],[-87.76878,31.29381],[-87.7657,31.29527],[-87.76514,31.29752],[-87.76663,31.29933],[-87.7751,31.30317],[-87.78025,31.30775],[-87.78338,31.3139],[-87.7848,31.32467],[-87.78438,31.32891],[-87.78168,31.33333],[-87.77137,31.34112],[-87.76582,31.34679],[-87.76525,31.34878],[-87.76616,31.35944],[-87.76392,31.36387],[-87.75989,31.36447],[-87.75636,31.36367],[-87.75454,31.36233],[-87.7525,31.35851],[-87.75192,31.35494],[-87.75358,31.34056],[-87.75185,31.33652],[-87.74799,31.33396],[-87.74395,31.33283],[-87.73602,31.33393],[-87.72686,31.3382],[-87.72363,31.34153],[-87.72244,31.34542],[-87.72198,31.35962],[-87.7254,31.36797],[-87.72584,31.37374],[-87.72314,31.37713],[-87.71871,31.38009],[-87.71464,31.38415],[-87.70806,31.39795],[-87.70509,31.40183],[-87.70107,31.40372],[-87.69065,31.40525],[-87.68679,31.40676],[-87.66931,31.42093],[-87.66557,31.42317],[-87.65669,31.42545],[-87.64658,31.42652],[-87.63965,31.42477],[-87.62968,31.41594],[-87.62121,31.41002],[-87.61545,31.40818],[-87.60795,31.40806],[-87.60314,31.40956],[-87.59709,31.41293],[-87.58853,31.42392],[-87.57373,31.43509],[-87.57017,31.44292],[-87.56728,31.45455],[-87.56336,31.4647],[-87.56223,31.47537],[-87.56279,31.47769],[-87.56571,31.48168],[-87.56789,31.48318],[-87.60506,31.50016],[-87.62043,31.51223],[-87.62129,31.51376],[-87.62125,31.51685],[-87.61984,31.51905],[-87.61682,31.52144],[-87.59926,31.52744],[-87.57985,31.54462],[-87.56541,31.55357],[-87.56684,31.69711],[-87.51613,31.69782],[-87.51705,31.7534]]]},"properties":{"GEOID":"01025","BASENAME":"Clarke","NAME":"Clarke County"}},{"type":"Feature","geometry":{"type":"Polygon","coordinates":[[[-85.6957,32.69746],[-85.67965,32.69793],[-85.67985,32.71253],[-85.61025,32.71393],[-85.60999,32.72795],[-85.59315,32.72853],[-85.59318,33.10734],[-85.80169,33.1043],[-85.97472,33.10529],[-85.97456,33.09051],[-86.00917,33.09026],[-86.00757,32.82777],[-86.01241,32.82796],[-86.0139,32.82641],[-86.01232,32.82527],[-86.00955,32.82573],[-86.00889,32.8247],[-86.00747,32.8251],[-86.00753,32.82357],[-86.00916,32.82292],[-86.01165,32.82322],[-86.01355,32.81979],[-86.01229,32.81863],[-86.0112,32.81959],[-86.01182,32.81762],[-86.01114,32.81607],[-86.00957,32.81555],[-86.00902,32.81312],[-86.00756,32.81292],[-86.00709,32.80224],[-86.00592,32.80258],[-86.00333,32.80097],[-86.00256,32.8016],[-85.99975,32.80153],[-86.00208,32.80091],[-86.00516,32.79852],[-86.00446,32.79824],[-86.0056,32.79693],[-86.00707,32.79643],[-86.00703,32.79579],[-86.00494,32.79557],[-86.00651,32.79475],[-86.00588,32.79346],[-86.00649,32.79253],[-86.00573,32.79188],[-86.00721,32.79154],[-86.00719,32.75498],[-85.97216,32.75493],[-85.97276,32.76923],[-85.95556,32.76913],[-85.95486,32.75482],[-85.87986,32.75453],[-85.88206,32.75043],[-85.88025,32.74485],[-85.88035,32.73998],[-85.88186,32.73756],[-85.89363,32.72721],[-85.89375,32.72448],[-85.89061,32.71701],[-85.89127,32.71499],[-85.89444,32.70942],[-85.89864,32.70517],[-85.90366,32.70361],[-85.90747,32.6993],[-85.91161,32.68438],[-85.91171,32.67784],[-85.90939,32.67619],[-85.90696,32.67297],[-85.90588,32.66762],[-85.901,32.66017],[-85.89758,32.65685],[-85.8898,32.6517],[-85.88775,32.64761],[-85.89456,32.61473],[-85.89456,32.60313],[-85.89156,32.59003],[-85.88946,32.57473],[-85.89071,32.57034],[-85.89048,32.56865],[-85.88686,32.55503],[-85.88526,32.54543],[-85.88849,32.53304],[-85.89109,32.51692],[-85.89,32.51312],[-85.89105,32.50425],[-85.89039,32.50013],[-85.88892,32.49604],[-85.88724,32.49391],[-85.88501,32.49297],[-85.79716,32.49424],[-85.79859,32.58109],[-85.71265,32.58183],[-85.71276,32.59573],[-85.69585,32.59593],[-85.69695,32.66833],[-85.69675,32.69743],[-85.6957,32.69746]]]},"properties":{"GEOID":"01123","BASENAME":"Tallapoosa","NAME":"Tallapoosa County"}},{"type":"Feature","geometry":{"type":"Polygon","coordinates":[[[-87.5252,32.65366],[-87.5252,32.65571],[-87.47392,32.65587],[-87.47381,32.72819],[-87.47219,32.74345],[-87.47217,32.83062],[-87.42139,32.83083],[-87.4212,32.87451],[-87.42013,32.9026],[-87.42078,32.92228],[-87.42059,32.97159],[-87.42194,33.00338],[-87.62041,33.00462],[-87.71571,33.00682],[-87.71304,33.00099],[-87.70633,32.9963],[-87.70686,32.99144],[-87.70902,32.98814],[-87.71249,32.98601],[-87.71492,32.98558],[-87.72725,32.98628],[-87.73294,32.97908],[-87.73533,32.97457],[-87.73755,32.97505],[-87.74111,32.97868],[-87.74877,32.97893],[-87.75054,32.97758],[-87.75001,32.97612],[-87.74693,32.974],[-87.7471,32.96558],[-87.74485,32.96306],[-87.73947,32.96073],[-87.7385,32.95956],[-87.74137,32.9571],[-87.74871,32.95391],[-87.74918,32.95224],[-87.74844,32.94984],[-87.74611,32.94881],[-87.73901,32.95183],[-87.73308,32.95245],[-87.73102,32.95142],[-87.72994,32.94926],[-87.73213,32.94557],[-87.74142,32.93586],[-87.74765,32.93504],[-87.75111,32.93524],[-87.75578,32.93685],[-87.75779,32.9361],[-87.75779,32.93516],[-87.75566,32.93369],[-87.75055,32.93141],[-87.75013,32.92978],[-87.75098,32.92887],[-87.75528,32.92817],[-87.75738,32.93207],[-87.75729,32.93448],[-87.75847,32.93521],[-87.76403,32.93203],[-87.76536,32.92438],[-87.76619,32.92363],[-87.77263,32.9279],[-87.77504,32.92688],[-87.77502,32.92002],[-87.77008,32.91765],[-87.76698,32.91213],[-87.76017,32.9074],[-87.76023,32.90603],[-87.76504,32.90508],[-87.76898,32.8985],[-87.77134,32.89954],[-87.77358,32.90265],[-87.7753,32.90292],[-87.77861,32.90191],[-87.78051,32.89977],[-87.7814,32.89659],[-87.78464,32.89476],[-87.78877,32.89598],[-87.7927,32.89846],[-87.79963,32.89489],[-87.80502,32.89742],[-87.80662,32.89417],[-87.80524,32.88943],[-87.80686,32.8871],[-87.81,32.88709],[-87.81276,32.8883],[-87.8156,32.89193],[-87.81756,32.89211],[-87.8187,32.89113],[-87.81864,32.88857],[-87.81093,32.88478],[-87.81028,32.88381],[-87.81042,32.87926],[-87.81175,32.87723],[-87.81664,32.88093],[-87.82156,32.88128],[-87.82213,32.88052],[-87.82168,32.87139],[-87.81991,32.86636],[-87.82014,32.86494],[-87.82314,32.86401],[-87.83021,32.86508],[-87.83244,32.86433],[-87.83271,32.85758],[-87.8312,32.85448],[-87.82953,32.85351],[-87.8216,32.85248],[-87.82003,32.84977],[-87.82046,32.84838],[-87.82207,32.84787],[-87.82802,32.84877],[-87.83024,32.8482],[-87.83184,32.84674],[-87.83307,32.84282],[-87.83175,32.8405],[-87.81986,32.83639],[-87.81692,32.83381],[-87.81777,32.83046],[-87.82043,32.82686],[-87.81514,32.82273],[-87.81778,32.81576],[-87.81318,32.81018],[-87.81285,32.80873],[-87.81736,32.80737],[-87.81914,32.80583],[-87.8185,32.79917],[-87.82045,32.79545],[-87.82327,32.79362],[-87.82923,32.79224],[-87.83168,32.79071],[-87.83611,32.78309],[-87.83933,32.77977],[-87.84572,32.77775],[-87.85246,32.77247],[-87.85545,32.77219],[-87.86545,32.77349],[-87.86629,32.77251],[-87.86713,32.76756],[-87.87046,32.76244],[-87.87021,32.76143],[-87.8603,32.75672],[-87.8523,32.75931],[-87.83492,32.76009],[-87.83398,32.76118],[-87.83557,32.76807],[-87.83379,32.76967],[-87.83021,32.76958],[-87.82318,32.7659],[-87.80726,32.75131],[-87.8043,32.74555],[-87.80434,32.74293],[-87.80818,32.73314],[-87.8183,32.73394],[-87.82387,32.73245],[-87.82602,32.73104],[-87.82977,32.72525],[-87.83127,32.72028],[-87.8317,32.71731],[-87.83077,32.71286],[-87.82417,32.70676],[-87.81467,32.70663],[-87.8099,32.71196],[-87.80704,32.71379],[-87.79859,32.71621],[-87.79604,32.71563],[-87.79313,32.70771],[-87.7964,32.70086],[-87.79543,32.69425],[-87.79319,32.6891],[-87.78657,32.68248],[-87.78606,32.68101],[-87.78578,32.67888],[-87.78689,32.67502],[-87.78825,32.67285],[-87.79256,32.66936],[-87.79392,32.66613],[-87.79151,32.65849],[-87.78766,32.65416],[-87.77855,32.65146],[-87.76761,32.64982],[-87.75958,32.65265],[-87.75156,32.65949],[-87.75001,32.65941],[-87.74615,32.65714],[-87.74378,32.65435],[-87.74317,32.65244],[-87.74539,32.64491],[-87.75001,32.63745],[-87.75373,32.63334],[-87.7629,32.6364],[-87.76923,32.63982],[-87.77491,32.6418],[-87.79255,32.63736],[-87.80943,32.63845],[-87.8134,32.63388],[-87.81274,32.63146],[-87.80827,32.62602],[-87.80736,32.62068],[-87.80443,32.61648],[-87.79643,32.60924],[-87.78562,32.60527],[-87.78327,32.60523],[-87.77679,32.60799],[-87.76881,32.60964],[-87.76015,32.61362],[-87.75413,32.61445],[-87.75001,32.61394],[-87.74872,32.61282],[-87.74817,32.60909],[-87.7436,32.59764],[-87.73679,32.58919],[-87.7377,32.58817],[-87.74213,32.58789],[-87.74645,32.58652],[-87.75579,32.58181],[-87.75803,32.5787],[-87.76159,32.57086],[-87.76562,32.56793],[-87.76921,32.56818],[-87.77028,32.56956],[-87.77102,32.57243],[-87.77,32.57898],[-87.77153,32.58127],[-87.78126,32.58538],[-87.78398,32.5852],[-87.78728,32.5829],[-87.78751,32.57688],[-87.78627,32.56742],[-87.78711,32.56375],[-87.7889,32.56034],[-87.79066,32.5597],[-87.79439,32.56408],[-87.79678,32.56456],[-87.79877,32.56347],[-87.80096,32.55889],[-87.79928,32.55412],[-87.79778,32.54371],[-87.79818,32.54053],[-87.80162,32.5342],[-87.8108,32.5268],[-87.81256,32.52456],[-87.72852,32.52453],[-87.72874,32.48092],[-87.6633,32.48074],[-87.52448,32.48203],[-87.5252,32.65366]]]},"properties":{"GEOID":"01065","BASENAME":"Hale","NAME":"Hale County"}},{"type":"Feature","geometry":{"type":"Polygon","coordinates":[[[-87.37217,32.48294],[-87.2338,32.48437],[-87.22098,32.48699],[-87.12499,32.48759],[-87.11897,32.4877],[-87.11828,32.48875],[-87.11652,32.48766],[-87.11128,32.48948],[-87.10865,32.49314],[-87.10856,32.49761],[-87.10072,32.50474],[-87.10099,32.50577],[-87.10317,32.50497],[-87.10248,32.50692],[-87.09951,32.50657],[-87.10047,32.50825],[-87.09998,32.51319],[-87.09919,32.51428],[-87.09669,32.51447],[-87.09824,32.51637],[-87.09822,32.51895],[-87.097,32.52059],[-87.09413,32.52196],[-87.09436,32.5247],[-87.09108,32.5247],[-87.09168,32.52575],[-87.08971,32.52809],[-87.09072,32.53092],[-87.09013,32.53423],[-87.08709,32.53531],[-87.08741,32.53664],[-87.08542,32.53676],[-87.08468,32.53794],[-87.08121,32.53736],[-87.08108,32.53902],[-87.07951,32.54012],[-87.08024,32.54304],[-87.07776,32.54515],[-87.07875,32.54708],[-87.07763,32.54871],[-87.079,32.55145],[-87.07807,32.55238],[-87.07895,32.55401],[-87.07664,32.55459],[-87.07765,32.55573],[-87.07688,32.55713],[-87.08045,32.55886],[-87.08077,32.56029],[-87.08202,32.56106],[-87.07989,32.56635],[-87.07997,32.56801],[-87.08127,32.5695],[-87.08107,32.57121],[-87.08032,32.57137],[-87.08039,32.57214],[-87.07962,32.57156],[-87.07855,32.57319],[-87.07585,32.57291],[-87.07446,32.57437],[-87.07169,32.57493],[-87.07112,32.57677],[-87.06726,32.57753],[-87.06532,32.57907],[-87.06529,32.57991],[-87.06248,32.58079],[-87.06338,32.58127],[-87.0629,32.58193],[-87.05701,32.58444],[-87.05545,32.58636],[-87.05511,32.58925],[-87.04888,32.59339],[-87.04501,32.59412],[-87.04036,32.5995],[-87.04032,32.60388],[-87.04326,32.60936],[-87.04417,32.60973],[-87.04395,32.6114],[-87.0456,32.61259],[-87.0451,32.61396],[-87.04594,32.6152],[-87.04403,32.61581],[-87.04415,32.61681],[-87.04709,32.61818],[-87.04778,32.62006],[-87.04715,32.62298],[-87.04565,32.6246],[-87.04665,32.62614],[-87.04541,32.62917],[-87.04664,32.63129],[-87.0464,32.63314],[-87.04364,32.64275],[-87.03427,32.65705],[-87.03267,32.66215],[-87.03308,32.66272],[-87.03208,32.664],[-87.03139,32.66845],[-87.03219,32.67148],[-87.03075,32.67495],[-87.03175,32.67733],[-87.03525,32.68154],[-87.03592,32.68631],[-87.03293,32.69339],[-87.03326,32.69584],[-87.02757,32.70892],[-87.02515,32.71116],[-87.02544,32.71315],[-87.02154,32.71807],[-87.02063,32.72424],[-87.01776,32.72953],[-87.01916,32.83703],[-87.125,32.83539],[-87.172,32.8358],[-87.22366,32.83515],[-87.23329,32.83224],[-87.31918,32.83152],[-87.31947,32.87512],[-87.4212,32.87451],[-87.42139,32.83083],[-87.47217,32.83062],[-87.47219,32.74345],[-87.47381,32.72819],[-87.47392,32.65587],[-87.5252,32.65571],[-87.52438,32.38979],[-87.52568,32.37975],[-87.52429,32.30729],[-87.42174,32.3081],[-87.42287,32.37514],[-87.42233,32.4161],[-87.42315,32.48296],[-87.37217,32.48294]]]},"properties":{"GEOID":"01105","BASENAME":"Perry","NAME":"Perry County"}},{"type":"Feature","geometry":{"type":"Polygon","coordinates":[[[-88.13997,34.58184],[-87.95212,34.57511],[-87.74706,34.57185],[-87.60075,34.56824],[-87.52441,34.56693],[-87.52462,34.56881],[-87.52378,34.57036],[-87.52272,34.56821],[-87.52018,34.56828],[-87.51765,34.56626],[-87.51563,34.56845],[-87.51948,34.5715],[-87.51852,34.57755],[-87.51592,34.57898],[-87.51078,34.57876],[-87.50737,34.58391],[-87.50734,34.58649],[-87.51218,34.58949],[-87.50935,34.59418],[-87.51017,34.59489],[-87.51391,34.59476],[-87.51491,34.59723],[-87.51414,34.59868],[-87.51124,34.59931],[-87.51183,34.60205],[-87.51089,34.60363],[-87.50891,34.60468],[-87.50895,34.60324],[-87.50808,34.60242],[-87.50762,34.60405],[-87.50651,34.60483],[-87.50575,34.60802],[-87.5027,34.6093],[-87.50407,34.61082],[-87.50379,34.61368],[-87.50488,34.6148],[-87.50686,34.61507],[-87.50668,34.61683],[-87.50433,34.61658],[-87.5024,34.61819],[-87.50163,34.62001],[-87.49988,34.62102],[-87.50078,34.62277],[-87.49943,34.623],[-87.49898,34.62447],[-87.49468,34.62333],[-87.49418,34.6244],[-87.49691,34.62599],[-87.49285,34.62539],[-87.49264,34.62737],[-87.49104,34.62579],[-87.49103,34.62795],[-87.4886,34.62756],[-87.48663,34.6301],[-87.48391,34.62979],[-87.48354,34.6319],[-87.48604,34.63228],[-87.48396,34.63405],[-87.48616,34.63502],[-87.48344,34.6354],[-87.48292,34.6362],[-87.48517,34.63653],[-87.48514,34.63722],[-87.48244,34.63706],[-87.48182,34.63817],[-87.48139,34.63685],[-87.48022,34.63651],[-87.47682,34.6378],[-87.47803,34.64033],[-87.48269,34.6427],[-87.48239,34.64458],[-87.48448,34.6459],[-87.48358,34.64825],[-87.47679,34.65146],[-87.46822,34.6487],[-87.45914,34.6443],[-87.459,34.64646],[-87.46044,34.64641],[-87.46084,34.64744],[-87.46008,34.64972],[-87.45582,34.64773],[-87.45505,34.65023],[-87.44955,34.6489],[-87.44927,34.65],[-87.44767,34.64938],[-87.44577,34.65097],[-87.44492,34.65391],[-87.44773,34.65866],[-87.44667,34.6595],[-87.44541,34.65935],[-87.44516,34.66059],[-87.44336,34.6613],[-87.44548,34.66337],[-87.44813,34.66444],[-87.44849,34.66607],[-87.44723,34.6711],[-87.44304,34.67553],[-87.44735,34.67938],[-87.45133,34.6764],[-87.45257,34.67724],[-87.4522,34.67915],[-87.45024,34.6792],[-87.44968,34.68023],[-87.4522,34.68572],[-87.45336,34.68647],[-87.45268,34.69301],[-87.45075,34.69644],[-87.44797,34.69696],[-87.44567,34.6988],[-87.43815,34.69997],[-87.43618,34.70339],[-87.42629,34.70933],[-87.42692,34.71263],[-87.42934,34.71443],[-87.42963,34.7162],[-87.43343,34.71791],[-87.43305,34.72363],[-87.43433,34.72414],[-87.43374,34.72587],[-87.4352,34.72601],[-87.43605,34.72704],[-87.43583,34.72953],[-87.43279,34.73129],[-87.43224,34.73733],[-87.42843,34.73792],[-87.42732,34.73878],[-87.42423,34.73797],[-87.42448,34.7393],[-87.42253,34.74077],[-87.42522,34.74463],[-87.42652,34.75014],[-87.42799,34.75169],[-87.4177,34.75905],[-87.41611,34.7629],[-87.41609,34.767],[-87.41941,34.76958],[-87.42637,34.77293],[-87.43295,34.77268],[-87.43439,34.77361],[-87.43151,34.77876],[-87.43369,34.78087],[-87.42856,34.78195],[-87.42615,34.78641],[-87.4262,34.78824],[-87.42885,34.79459],[-87.42651,34.80002],[-87.43533,34.80391],[-87.44998,34.80828],[-87.46744,34.81184],[-87.47913,34.81252],[-87.48451,34.81371],[-87.49465,34.81881],[-87.509,34.82312],[-87.513,34.8289],[-87.51533,34.83077],[-87.52033,34.83212],[-87.52552,34.83232],[-87.53549,34.82955],[-87.54629,34.83043],[-87.55594,34.8261],[-87.56629,34.82603],[-87.58064,34.8218],[-87.58475,34.81919],[-87.58948,34.81074],[-87.59147,34.80925],[-87.6051,34.80367],[-87.61369,34.79903],[-87.61868,34.79825],[-87.6247,34.79604],[-87.64263,34.79307],[-87.65403,34.78785],[-87.66839,34.78263],[-87.67619,34.78195],[-87.70757,34.77292],[-87.71665,34.76558],[-87.73062,34.74697],[-87.73372,34.74523],[-87.74693,34.74259],[-87.76103,34.7353],[-87.77271,34.73464],[-87.79039,34.73225],[-87.80696,34.73206],[-87.81825,34.73512],[-87.83583,34.74124],[-87.84383,34.74572],[-87.84865,34.74959],[-87.86131,34.76298],[-87.8829,34.77718],[-87.90081,34.7908],[-87.91741,34.80148],[-87.92286,34.80803],[-87.92763,34.81666],[-87.93023,34.82387],[-87.93362,34.83946],[-87.9392,34.85038],[-87.95255,34.86795],[-87.95777,34.87241],[-87.96283,34.87507],[-87.97322,34.88255],[-87.97747,34.88302],[-87.98817,34.88731],[-87.99456,34.88865],[-87.99634,34.89018],[-88.01223,34.89554],[-88.03128,34.90424],[-88.04087,34.90661],[-88.05079,34.90618],[-88.0584,34.90435],[-88.06371,34.90207],[-88.07245,34.89673],[-88.07908,34.89442],[-88.08748,34.89393],[-88.09758,34.89467],[-88.10731,34.8136],[-88.11642,34.7463],[-88.11841,34.72429],[-88.13526,34.61681],[-88.13997,34.58184]]]},"properties":{"GEOID":"01033","BASENAME":"Colbert","NAME":"Colbert County"}},{"type":"Feature","geometry":{"type":"Polygon","coordinates":[[[-88.24147,33.80335],[-88.24303,33.79568],[-88.24591,33.7669],[-88.27449,33.534],[-88.12503,33.53033],[-87.94652,33.52399],[-87.9463,33.6578],[-87.95207,33.87511],[-87.95193,34.0222],[-87.98743,34.0229],[-87.98693,34.0521],[-88.02182,34.05374],[-88.20723,34.05833],[-88.22428,33.92704],[-88.24147,33.80335]]]},"properties":{"GEOID":"01075","BASENAME":"Lamar","NAME":"Lamar County"}},{"type":"Feature","geometry":{"type":"Polygon","coordinates":[[[-85.45584,33.10903],[-85.23238,33.10808],[-85.30444,33.48288],[-85.30887,33.48172],[-85.30925,33.48314],[-85.31603,33.48827],[-85.32234,33.48859],[-85.33396,33.49225],[-85.34407,33.49688],[-85.34618,33.49953],[-85.34624,33.50085],[-85.34774,33.50138],[-85.34996,33.50122],[-85.35208,33.49937],[-85.35446,33.49921],[-85.35258,33.49454],[-85.35257,33.49244],[-85.46844,33.49454],[-85.64348,33.49589],[-85.64449,33.43001],[-85.64992,33.32421],[-85.64113,33.32393],[-85.64113,33.3205],[-85.64551,33.32055],[-85.64556,33.31697],[-85.6412,33.31703],[-85.64143,33.30596],[-85.65047,33.30615],[-85.65273,33.2266],[-85.64827,33.22649],[-85.64881,33.21203],[-85.65308,33.21212],[-85.65365,33.10663],[-85.45584,33.10903]]]},"properties":{"GEOID":"01111","BASENAME":"Randolph","NAME":"Randolph County"}},{"type":"Feature","geometry":{"type":"Polygon","coordinates":[[[-86.13529,31.96667],[-85.99556,31.96755],[-85.99926,32.25018],[-85.98655,32.25064],[-85.98656,32.27234],[-85.91929,32.27438],[-85.91883,32.27765],[-85.9204,32.27865],[-85.92054,32.28079],[-85.92357,32.28291],[-85.92559,32.28242],[-85.92719,32.28355],[-85.92726,32.28442],[-85.92983,32.28472],[-85.93011,32.2856],[-85.93415,32.28566],[-85.93619,32.28726],[-85.93764,32.28647],[-85.94046,32.28732],[-85.94087,32.28953],[-85.94429,32.29078],[-85.94434,32.29322],[-85.94651,32.29382],[-85.94643,32.29516],[-85.94871,32.2955],[-85.94997,32.29898],[-85.95098,32.2989],[-85.95432,32.30221],[-85.95477,32.30781],[-85.95689,32.31008],[-85.95716,32.31197],[-85.95579,32.31654],[-85.95736,32.31657],[-85.95692,32.31767],[-85.95876,32.31735],[-85.95835,32.3183],[-85.95937,32.31878],[-85.9578,32.31915],[-85.95791,32.32001],[-85.95978,32.32124],[-85.9583,32.32181],[-85.95902,32.32311],[-85.95846,32.32348],[-85.96645,32.32511],[-85.96623,32.32773],[-85.96785,32.32774],[-85.96739,32.32891],[-85.96797,32.33001],[-85.96709,32.33052],[-85.96694,32.33197],[-85.96908,32.33266],[-85.96932,32.33365],[-85.97075,32.33244],[-85.9709,32.33395],[-85.97221,32.3323],[-85.97214,32.33351],[-85.97649,32.33298],[-85.97756,32.33396],[-85.97864,32.33324],[-85.98048,32.33443],[-85.98292,32.33381],[-85.98467,32.33413],[-85.98583,32.3358],[-85.98865,32.33461],[-85.98933,32.33586],[-85.99143,32.33615],[-85.99162,32.33731],[-85.9903,32.33755],[-85.99054,32.33905],[-85.99226,32.33801],[-85.9928,32.3399],[-85.99091,32.34149],[-85.99322,32.34252],[-85.99158,32.34299],[-85.99149,32.34501],[-85.99242,32.34454],[-85.99233,32.34572],[-85.99304,32.34571],[-85.99154,32.34707],[-85.99322,32.34717],[-85.99451,32.34626],[-85.99535,32.34724],[-85.99394,32.34758],[-85.99446,32.34878],[-85.99318,32.34891],[-85.9952,32.35141],[-85.9937,32.35141],[-85.99509,32.35376],[-85.99436,32.3552],[-85.99262,32.35578],[-85.99405,32.35583],[-85.99382,32.35811],[-85.99547,32.35783],[-85.99406,32.36019],[-85.9968,32.36037],[-85.99889,32.36307],[-86.00026,32.36266],[-85.9997,32.36448],[-86.00118,32.36526],[-86.00201,32.3672],[-85.99934,32.36648],[-85.99905,32.36721],[-86.00538,32.36913],[-86.00522,32.36991],[-86.00314,32.36924],[-86.00337,32.3716],[-86.00672,32.37581],[-86.00941,32.37671],[-86.00963,32.37922],[-86.01165,32.38203],[-86.01458,32.38429],[-86.01455,32.38578],[-86.01155,32.38951],[-86.01231,32.39277],[-86.01044,32.39453],[-86.01338,32.39571],[-86.01408,32.39714],[-86.01099,32.40513],[-86.01498,32.40665],[-86.01437,32.4086],[-86.01624,32.41034],[-86.01781,32.41098],[-86.02026,32.41002],[-86.02139,32.41724],[-86.0227,32.41828],[-86.02301,32.41998],[-86.0307,32.42281],[-86.03415,32.42272],[-86.03778,32.4214],[-86.04404,32.41598],[-86.04472,32.41309],[-86.04396,32.40787],[-86.0464,32.40615],[-86.04826,32.40604],[-86.05506,32.40808],[-86.0605,32.40825],[-86.07698,32.41192],[-86.08371,32.41821],[-86.08472,32.42028],[-86.08719,32.42181],[-86.09347,32.41876],[-86.10552,32.41876],[-86.11386,32.41577],[-86.11529,32.41599],[-86.11633,32.41703],[-86.11694,32.42265],[-86.11854,32.42415],[-86.12036,32.42357],[-86.12274,32.42057],[-86.12503,32.41979],[-86.12935,32.42202],[-86.13035,32.42334],[-86.12456,32.43143],[-86.1243,32.43293],[-86.12545,32.43405],[-86.1271,32.43373],[-86.1312,32.43077],[-86.13838,32.43015],[-86.14387,32.42632],[-86.15103,32.42464],[-86.15441,32.42666],[-86.15555,32.43032],[-86.1542,32.43349],[-86.15473,32.43492],[-86.15985,32.43467],[-86.16429,32.43853],[-86.17175,32.44038],[-86.17355,32.43983],[-86.17726,32.44044],[-86.18404,32.43378],[-86.18624,32.43277],[-86.19008,32.43247],[-86.19473,32.43876],[-86.19477,32.44087],[-86.18756,32.4431],[-86.1814,32.44627],[-86.18074,32.44798],[-86.18531,32.45086],[-86.18968,32.45669],[-86.19315,32.45544],[-86.19884,32.45099],[-86.20089,32.45126],[-86.20399,32.45725],[-86.2086,32.46218],[-86.21129,32.46635],[-86.21193,32.4696],[-86.21139,32.47256],[-86.21274,32.47418],[-86.21598,32.47411],[-86.22109,32.46827],[-86.22311,32.46785],[-86.2268,32.46874],[-86.22835,32.47111],[-86.22787,32.47656],[-86.22603,32.47879],[-86.22203,32.47893],[-86.22152,32.48054],[-86.22489,32.48469],[-86.228,32.48647],[-86.23053,32.49012],[-86.2323,32.49042],[-86.23378,32.48972],[-86.23399,32.48715],[-86.23482,32.48614],[-86.23671,32.48597],[-86.23871,32.48711],[-86.23937,32.48952],[-86.23655,32.49306],[-86.23707,32.49498],[-86.24204,32.4958],[-86.24652,32.49541],[-86.24997,32.49943],[-86.25741,32.50013],[-86.26201,32.50169],[-86.26324,32.50085],[-86.26291,32.49737],[-86.26563,32.4954],[-86.26616,32.4938],[-86.26517,32.49186],[-86.26054,32.48981],[-86.25999,32.48871],[-86.26086,32.48719],[-86.26967,32.48383],[-86.27185,32.48414],[-86.27579,32.48623],[-86.27887,32.48564],[-86.28372,32.47981],[-86.28807,32.47696],[-86.2887,32.47584],[-86.28789,32.47345],[-86.28859,32.47261],[-86.2921,32.47316],[-86.29813,32.47679],[-86.30539,32.48877],[-86.30937,32.4903],[-86.31194,32.49012],[-86.31325,32.48897],[-86.31409,32.48617],[-86.31325,32.48349],[-86.30873,32.47715],[-86.30777,32.47265],[-86.30798,32.46701],[-86.3105,32.45978],[-86.31597,32.44963],[-86.3231,32.44589],[-86.32457,32.4446],[-86.3253,32.44245],[-86.32427,32.44044],[-86.31683,32.43695],[-86.31181,32.43021],[-86.30666,32.41902],[-86.30894,32.41334],[-86.31071,32.41172],[-86.313,32.41109],[-86.31505,32.41165],[-86.31607,32.41254],[-86.31863,32.41907],[-86.33051,32.4243],[-86.33807,32.42984],[-86.34447,32.43264],[-86.35034,32.43336],[-86.35353,32.43288],[-86.35677,32.43064],[-86.37277,32.43054],[-86.37307,32.42984],[-86.37491,32.42995],[-86.38638,32.42689],[-86.3984,32.42694],[-86.3995,32.42572],[-86.39972,32.42395],[-86.39613,32.41763],[-86.39591,32.41601],[-86.39686,32.41367],[-86.40058,32.41162],[-86.40975,32.41061],[-86.42507,32.40244],[-86.44472,32.39984],[-86.4477,32.4007],[-86.45128,32.40369],[-86.45562,32.40581],[-86.45876,32.40573],[-86.46056,32.4047],[-86.46128,32.40347],[-86.46105,32.40157],[-86.45914,32.39578],[-86.46257,32.38837],[-86.46175,32.38082],[-86.4625,32.37814],[-86.47068,32.3716],[-86.47635,32.36456],[-86.4789,32.36437],[-86.48342,32.36667],[-86.486,32.36694],[-86.4919,32.36433],[-86.49273,32.36095],[-86.48981,32.35207],[-86.49027,32.34824],[-86.49242,32.3454],[-86.49677,32.34444],[-86.49853,32.33975],[-86.49755,32.33922],[-86.4967,32.3407],[-86.49484,32.34119],[-86.49477,32.33846],[-86.49262,32.33718],[-86.49123,32.34082],[-86.48822,32.34258],[-86.48577,32.34138],[-86.48853,32.34064],[-86.48864,32.33873],[-86.48266,32.34031],[-86.47863,32.33984],[-86.47845,32.3377],[-86.48441,32.33598],[-86.48392,32.33312],[-86.48537,32.33205],[-86.48637,32.3295],[-86.4846,32.32969],[-86.48158,32.33231],[-86.47921,32.33109],[-86.47655,32.3323],[-86.4744,32.33131],[-86.47854,32.3283],[-86.47691,32.32814],[-86.47392,32.32542],[-86.47381,32.32358],[-86.47531,32.3227],[-86.47953,32.32455],[-86.48187,32.32374],[-86.47916,32.32235],[-86.47819,32.32069],[-86.47943,32.31552],[-86.48223,32.31554],[-86.48652,32.31947],[-86.48828,32.3184],[-86.4877,32.31626],[-86.48363,32.31499],[-86.48266,32.31313],[-86.48563,32.31215],[-86.48495,32.31118],[-86.48556,32.30833],[-86.48478,32.30598],[-86.48939,32.30547],[-86.49094,32.30246],[-86.49064,32.30086],[-86.48665,32.30126],[-86.48397,32.29907],[-86.48824,32.29891],[-86.48694,32.29713],[-86.48881,32.29606],[-86.48965,32.29335],[-86.48856,32.29172],[-86.48575,32.29176],[-86.48483,32.29005],[-86.48537,32.28903],[-86.48898,32.28857],[-86.4894,32.28746],[-86.48435,32.28415],[-86.48506,32.28163],[-86.4805,32.28058],[-86.48494,32.27624],[-86.48397,32.27557],[-86.48215,32.27663],[-86.48087,32.27565],[-86.47821,32.27532],[-86.47877,32.27307],[-86.48058,32.27184],[-86.48043,32.27125],[-86.47895,32.27109],[-86.47717,32.27284],[-86.47474,32.27135],[-86.4739,32.2731],[-86.47265,32.27372],[-86.47198,32.27281],[-86.47291,32.27107],[-86.47123,32.26973],[-86.46994,32.27256],[-86.46797,32.27107],[-86.46681,32.27135],[-86.46671,32.27284],[-86.46519,32.27197],[-86.46324,32.27328],[-86.46021,32.27277],[-86.45897,32.27406],[-86.45567,32.27348],[-86.45156,32.27026],[-86.45147,32.26926],[-86.44853,32.26868],[-86.4495,32.26694],[-86.4484,32.26583],[-86.44863,32.26349],[-86.44542,32.26367],[-86.44597,32.26245],[-86.44535,32.26199],[-86.44456,32.26256],[-86.44367,32.26125],[-86.44037,32.26185],[-86.43889,32.26009],[-86.43788,32.2605],[-86.43472,32.25805],[-86.43357,32.25828],[-86.43377,32.25993],[-86.43156,32.25949],[-86.4304,32.25847],[-86.43152,32.25763],[-86.43111,32.25637],[-86.42775,32.25732],[-86.42547,32.25599],[-86.42701,32.25488],[-86.42676,32.2541],[-86.4251,32.25463],[-86.42416,32.25378],[-86.42224,32.25372],[-86.42147,32.25202],[-86.42343,32.25103],[-86.42335,32.24859],[-86.41933,32.24704],[-86.41872,32.24462],[-86.4175,32.24643],[-86.41646,32.24678],[-86.41461,32.24594],[-86.41451,32.24719],[-86.41194,32.24832],[-86.41174,32.24728],[-86.41341,32.24538],[-86.41325,32.24465],[-86.4122,32.2442],[-86.41133,32.2453],[-86.40877,32.24431],[-86.40628,32.05073],[-86.30362,32.05166],[-86.30263,32.03714],[-86.30222,31.96506],[-86.24177,31.96622],[-86.13529,31.96667]]]},"properties":{"GEOID":"01101","BASENAME":"Montgomery","NAME":"Montgomery County"}},{"type":"Feature","geometry":{"type":"Polygon","coordinates":[[[-86.6984,34.08503],[-86.69505,34.08749],[-86.69239,34.09249],[-86.6883,34.0926],[-86.68754,34.08995],[-86.68878,34.08649],[-86.6869,34.07967],[-86.68532,34.0798],[-86.68199,34.08293],[-86.67613,34.08488],[-86.6729,34.08836],[-86.67072,34.08727],[-86.67029,34.0841],[-86.66875,34.08376],[-86.65669,34.09183],[-86.65452,34.09893],[-86.65462,34.1036],[-86.65277,34.10797],[-86.64503,34.10859],[-86.64165,34.10649],[-86.63947,34.10646],[-86.63844,34.10878],[-86.64027,34.11222],[-86.63976,34.11323],[-86.62291,34.1226],[-86.621,34.12233],[-86.61611,34.11796],[-86.61493,34.11482],[-86.61319,34.11359],[-86.60899,34.1147],[-86.60577,34.11825],[-86.59963,34.11991],[-86.59975,34.12168],[-86.60325,34.1231],[-86.6043,34.12518],[-86.60099,34.12907],[-86.59921,34.13311],[-86.5957,34.13514],[-86.58908,34.13617],[-86.58766,34.13738],[-86.58874,34.14231],[-86.59065,34.14537],[-86.59041,34.14635],[-86.5888,34.14714],[-86.58623,34.14548],[-86.58455,34.1458],[-86.58374,34.14717],[-86.58405,34.15076],[-86.58224,34.15379],[-86.58047,34.15559],[-86.57508,34.15826],[-86.57352,34.16297],[-86.57368,34.16602],[-86.5701,34.16778],[-86.567,34.17078],[-86.56357,34.17064],[-86.55697,34.17885],[-86.5497,34.18141],[-86.54559,34.18546],[-86.54521,34.18727],[-86.54762,34.18737],[-86.5494,34.18637],[-86.55242,34.18796],[-86.55494,34.18792],[-86.55565,34.18878],[-86.55658,34.19351],[-86.55067,34.1974],[-86.54899,34.19949],[-86.55433,34.20522],[-86.55294,34.20597],[-86.54971,34.20588],[-86.54719,34.20886],[-86.54262,34.21142],[-86.54245,34.21286],[-86.54569,34.21401],[-86.54725,34.21613],[-86.54262,34.21627],[-86.53822,34.22355],[-86.53841,34.22441],[-86.54034,34.22498],[-86.54011,34.22577],[-86.53536,34.22584],[-86.53371,34.224],[-86.52939,34.22484],[-86.52731,34.22699],[-86.52555,34.22578],[-86.52352,34.22655],[-86.52413,34.22947],[-86.52261,34.23409],[-86.5247,34.23557],[-86.52543,34.23841],[-86.52304,34.24418],[-86.51972,34.24794],[-86.51938,34.252],[-86.51488,34.25437],[-86.51097,34.25492],[-86.50746,34.25435],[-86.50618,34.25304],[-86.50357,34.25317],[-86.50186,34.25056],[-86.49935,34.24876],[-86.49786,34.24882],[-86.49718,34.24918],[-86.498,34.25022],[-86.49571,34.2512],[-86.49186,34.25456],[-86.49201,34.25727],[-86.4874,34.25941],[-86.48686,34.26048],[-86.45302,34.25932],[-86.45285,34.26326],[-86.45628,34.26337],[-86.45111,34.27454],[-86.45965,34.27456],[-86.45945,34.28915],[-86.477,34.28936],[-86.47753,34.30276],[-86.63941,34.30572],[-86.66995,34.30544],[-86.85489,34.30836],[-86.97362,34.31155],[-87.09231,34.3123],[-87.11011,34.3138],[-87.11021,34.2263],[-87.11215,34.1251],[-87.11199,33.99238],[-87.15104,33.99322],[-87.14739,33.9906],[-87.14366,33.98636],[-87.14133,33.98113],[-87.13819,33.97763],[-87.13907,33.9716],[-87.1385,33.96891],[-87.13688,33.9666],[-87.13408,33.96509],[-87.12269,33.96433],[-87.11927,33.96177],[-87.11181,33.95904],[-87.11043,33.95674],[-87.11196,33.95424],[-87.11176,33.95079],[-87.10581,33.94472],[-87.10522,33.93598],[-87.09414,33.92951],[-87.08558,33.91916],[-87.082,33.9064],[-87.0913,33.90242],[-87.09864,33.90121],[-87.10081,33.89836],[-87.09029,33.89255],[-87.09007,33.89153],[-87.09184,33.89009],[-87.00708,33.88893],[-87.00686,33.86618],[-87.00248,33.86977],[-86.99792,33.86941],[-86.99522,33.86692],[-86.99386,33.8607],[-86.99144,33.85951],[-86.9794,33.8592],[-86.97416,33.86053],[-86.96634,33.85848],[-86.95971,33.85796],[-86.95933,33.859],[-86.96056,33.86308],[-86.96327,33.86662],[-86.96274,33.86764],[-86.95484,33.86478],[-86.9506,33.86141],[-86.94887,33.86135],[-86.94776,33.86173],[-86.94785,33.86238],[-86.95106,33.86535],[-86.95281,33.86829],[-86.95182,33.87151],[-86.9455,33.86693],[-86.94212,33.86655],[-86.93199,33.86736],[-86.92514,33.87179],[-86.92068,33.87234],[-86.9202,33.87345],[-86.92435,33.87701],[-86.9199,33.88398],[-86.9211,33.89471],[-86.92689,33.89701],[-86.92737,33.89845],[-86.92534,33.90808],[-86.9204,33.91163],[-86.91669,33.91557],[-86.91491,33.91585],[-86.90848,33.91266],[-86.8974,33.91572],[-86.88683,33.91682],[-86.88374,33.92176],[-86.88322,33.92415],[-86.88417,33.92965],[-86.88622,33.93299],[-86.88546,33.934],[-86.87703,33.93632],[-86.86721,33.93233],[-86.8634,33.92953],[-86.8597,33.92907],[-86.85919,33.93049],[-86.86045,33.93435],[-86.86,33.93514],[-86.85532,33.93975],[-86.84262,33.94886],[-86.83524,33.95053],[-86.82767,33.94438],[-86.82044,33.94141],[-86.81842,33.94343],[-86.82407,33.95273],[-86.82316,33.95513],[-86.82094,33.9575],[-86.81098,33.95346],[-86.80254,33.95482],[-86.79708,33.95252],[-86.79297,33.95217],[-86.78983,33.95392],[-86.78771,33.9575],[-86.7882,33.95937],[-86.79263,33.96095],[-86.79296,33.96228],[-86.79175,33.96351],[-86.78542,33.96594],[-86.78277,33.96918],[-86.77351,33.96552],[-86.77138,33.96641],[-86.77073,33.96751],[-86.77123,33.96914],[-86.77624,33.97036],[-86.77642,33.97134],[-86.77465,33.97344],[-86.76458,33.97389],[-86.76268,33.97553],[-86.76254,33.98495],[-86.75732,33.9904],[-86.75884,33.99292],[-86.76137,33.99417],[-86.76127,33.9955],[-86.74154,33.99894],[-86.74012,34.00209],[-86.74411,34.00686],[-86.74402,34.00795],[-86.7424,34.00941],[-86.72847,34.01638],[-86.72362,34.0177],[-86.72292,34.01969],[-86.72477,34.02246],[-86.725,34.02417],[-86.7203,34.03235],[-86.71652,34.03247],[-86.71305,34.02987],[-86.70975,34.02905],[-86.70703,34.03005],[-86.7017,34.03556],[-86.70092,34.03762],[-86.70158,34.03982],[-86.70735,34.04379],[-86.70951,34.04747],[-86.70386,34.05864],[-86.69978,34.06103],[-86.69598,34.06156],[-86.69593,34.0579],[-86.69318,34.05657],[-86.6897,34.05302],[-86.68702,34.052],[-86.68471,34.05364],[-86.68419,34.05631],[-86.68513,34.05888],[-86.69151,34.06482],[-86.69326,34.06818],[-86.70055,34.07752],[-86.70454,34.08042],[-86.70351,34.08211],[-86.6984,34.08503]]]},"properties":{"GEOID":"01043","BASENAME":"Cullman","NAME":"Cullman County"}},{"type":"Feature","geometry":{"type":"Polygon","coordinates":[[[-86.70909,31.96263],[-86.61361,31.96392],[-86.49996,31.96361],[-86.49221,31.9643],[-86.41662,31.96485],[-86.40501,31.96377],[-86.40605,32.03682],[-86.39636,32.03698],[-86.3965,32.04397],[-86.40616,32.0438],[-86.40877,32.24431],[-86.41133,32.2453],[-86.4122,32.2442],[-86.41325,32.24465],[-86.41341,32.24538],[-86.41174,32.24728],[-86.41194,32.24832],[-86.41451,32.24719],[-86.41461,32.24594],[-86.41646,32.24678],[-86.4175,32.24643],[-86.41872,32.24462],[-86.41933,32.24704],[-86.42335,32.24859],[-86.42343,32.25103],[-86.42147,32.25202],[-86.42224,32.25372],[-86.42416,32.25378],[-86.4251,32.25463],[-86.42676,32.2541],[-86.42701,32.25488],[-86.42547,32.25599],[-86.42775,32.25732],[-86.43111,32.25637],[-86.43152,32.25763],[-86.4304,32.25847],[-86.43156,32.25949],[-86.43377,32.25993],[-86.43357,32.25828],[-86.43472,32.25805],[-86.43788,32.2605],[-86.43889,32.26009],[-86.44037,32.26185],[-86.44367,32.26125],[-86.44456,32.26256],[-86.44535,32.26199],[-86.44597,32.26245],[-86.44542,32.26367],[-86.44863,32.26349],[-86.4484,32.26583],[-86.4495,32.26694],[-86.44853,32.26868],[-86.45147,32.26926],[-86.45156,32.27026],[-86.45537,32.27335],[-86.45897,32.27406],[-86.46021,32.27277],[-86.46324,32.27328],[-86.46519,32.27197],[-86.46671,32.27284],[-86.46681,32.27135],[-86.46797,32.27107],[-86.46994,32.27256],[-86.4706,32.27001],[-86.47176,32.26971],[-86.47291,32.27107],[-86.47198,32.27281],[-86.47238,32.27363],[-86.47339,32.27366],[-86.47474,32.27135],[-86.47717,32.27284],[-86.47865,32.27127],[-86.47987,32.27111],[-86.48058,32.27184],[-86.479,32.2727],[-86.47821,32.27532],[-86.48087,32.27565],[-86.48215,32.27663],[-86.48397,32.27557],[-86.48492,32.27599],[-86.4805,32.28058],[-86.48506,32.28163],[-86.48435,32.28415],[-86.48933,32.28733],[-86.48898,32.28857],[-86.48537,32.28903],[-86.48483,32.29005],[-86.48575,32.29176],[-86.48856,32.29172],[-86.48967,32.29377],[-86.48881,32.29606],[-86.48694,32.29713],[-86.48812,32.29912],[-86.48397,32.29907],[-86.4863,32.30114],[-86.49022,32.30081],[-86.49106,32.30162],[-86.48939,32.30547],[-86.48478,32.30598],[-86.48556,32.30833],[-86.48495,32.31118],[-86.48563,32.31215],[-86.48266,32.31313],[-86.48363,32.31499],[-86.4877,32.31626],[-86.48835,32.31773],[-86.48779,32.31918],[-86.48652,32.31947],[-86.48315,32.31611],[-86.48017,32.31511],[-86.47911,32.31597],[-86.47819,32.32069],[-86.47916,32.32235],[-86.48175,32.32345],[-86.48165,32.32405],[-86.47953,32.32455],[-86.47531,32.3227],[-86.47342,32.32413],[-86.47663,32.32791],[-86.47854,32.3283],[-86.4773,32.32964],[-86.47452,32.33069],[-86.47501,32.332],[-86.47722,32.33221],[-86.47921,32.33109],[-86.48158,32.33231],[-86.4846,32.32969],[-86.48637,32.3295],[-86.48537,32.33205],[-86.48392,32.33312],[-86.48441,32.33598],[-86.47845,32.3377],[-86.47863,32.33984],[-86.48266,32.34031],[-86.48864,32.33873],[-86.48853,32.34064],[-86.48577,32.34138],[-86.48822,32.34258],[-86.49123,32.34082],[-86.49194,32.33774],[-86.49321,32.33715],[-86.49477,32.33846],[-86.49484,32.34119],[-86.4967,32.3407],[-86.49755,32.33922],[-86.49851,32.33944],[-86.49677,32.34444],[-86.53253,32.33878],[-86.53722,32.34126],[-86.53925,32.3452],[-86.54254,32.36352],[-86.54404,32.36636],[-86.5479,32.36924],[-86.55895,32.36903],[-86.57055,32.37501],[-86.57381,32.37582],[-86.57921,32.37586],[-86.58187,32.37502],[-86.58834,32.36766],[-86.59057,32.36213],[-86.59534,32.36135],[-86.61484,32.37427],[-86.61662,32.3799],[-86.61407,32.3883],[-86.61318,32.39395],[-86.61345,32.39858],[-86.61548,32.40307],[-86.618,32.40572],[-86.61981,32.40647],[-86.62286,32.40665],[-86.62685,32.40364],[-86.63093,32.40211],[-86.64246,32.40293],[-86.64541,32.4023],[-86.65151,32.39932],[-86.65395,32.39628],[-86.65579,32.38869],[-86.65383,32.38252],[-86.65427,32.37899],[-86.6556,32.37615],[-86.67643,32.35726],[-86.68035,32.3544],[-86.68354,32.35339],[-86.69696,32.35759],[-86.71134,32.36077],[-86.71412,32.36289],[-86.71536,32.36776],[-86.71903,32.37206],[-86.71972,32.37514],[-86.71898,32.38147],[-86.71997,32.39115],[-86.71781,32.396],[-86.71721,32.40129],[-86.7179,32.40281],[-86.72095,32.40481],[-86.72407,32.40533],[-86.72718,32.4045],[-86.7321,32.39905],[-86.73737,32.39473],[-86.74216,32.39175],[-86.74851,32.38935],[-86.75446,32.38909],[-86.76126,32.38992],[-86.77168,32.3948],[-86.77476,32.39515],[-86.78002,32.39374],[-86.78214,32.39047],[-86.78124,32.37947],[-86.78247,32.37514],[-86.78222,32.37029],[-86.78045,32.3686],[-86.77316,32.34073],[-86.79107,32.31461],[-86.79827,32.30863],[-86.8108,32.30757],[-86.81611,32.30997],[-86.82027,32.31501],[-86.82092,32.33324],[-86.81971,32.3368],[-86.81491,32.3408],[-86.85041,32.32895],[-86.85051,32.30986],[-86.83712,32.3088],[-86.82606,32.30596],[-86.83088,32.30162],[-86.83245,32.30108],[-86.83278,32.29949],[-86.83551,32.30004],[-86.8373,32.29927],[-86.83777,32.29707],[-86.83974,32.29688],[-86.84187,32.2944],[-86.84314,32.2945],[-86.84313,32.2934],[-86.84899,32.29218],[-86.84803,32.29105],[-86.84869,32.28973],[-86.84747,32.28921],[-86.84733,32.28791],[-86.85061,32.28612],[-86.85367,32.28728],[-86.85517,32.28508],[-86.8584,32.28411],[-86.85922,32.28209],[-86.85788,32.28211],[-86.85727,32.28051],[-86.86084,32.27887],[-86.86125,32.27786],[-86.86194,32.27813],[-86.86264,32.27662],[-86.86401,32.27637],[-86.86297,32.2747],[-86.86463,32.2745],[-86.8641,32.27053],[-86.86219,32.26824],[-86.86232,32.26689],[-86.85955,32.26583],[-86.85843,32.26361],[-86.85616,32.26298],[-86.85463,32.26104],[-86.85445,32.25577],[-86.84905,32.25128],[-86.8466,32.24771],[-86.84348,32.2468],[-86.84125,32.24199],[-86.83704,32.24059],[-86.83576,32.24096],[-86.83557,32.23987],[-86.83446,32.23999],[-86.83478,32.23942],[-86.8338,32.23925],[-86.83456,32.23871],[-86.8344,32.23671],[-86.83067,32.23696],[-86.82928,32.23534],[-86.82752,32.23581],[-86.81967,32.23357],[-86.81045,32.23759],[-86.81031,32.22475],[-86.9083,32.22503],[-86.90696,32.04797],[-86.85658,32.04835],[-86.85875,32.03539],[-86.85758,31.96217],[-86.82468,31.96244],[-86.80122,31.9616],[-86.70909,31.96263]]]},"properties":{"GEOID":"01085","BASENAME":"Lowndes","NAME":"Lowndes County"}},{"type":"Feature","geometry":{"type":"Polygon","coordinates":[[[-86.4482,31.96463],[-86.44778,31.87295],[-86.44662,31.84643],[-86.44278,31.84641],[-86.44263,31.84286],[-86.43836,31.84284],[-86.43834,31.83554],[-86.4423,31.83554],[-86.44228,31.83168],[-86.44641,31.83166],[-86.44629,31.77417],[-86.44194,31.7742],[-86.44188,31.75936],[-86.44625,31.75941],[-86.44598,31.70112],[-86.44839,31.68505],[-86.44864,31.65562],[-86.49953,31.65525],[-86.49925,31.56848],[-86.50395,31.5687],[-86.50375,31.55404],[-86.49935,31.55393],[-86.49921,31.52533],[-86.41538,31.52557],[-86.39994,31.52713],[-86.39854,31.45132],[-86.39569,31.45068],[-86.39499,31.45135],[-86.3959,31.45252],[-86.39415,31.45302],[-86.39075,31.45595],[-86.38917,31.45623],[-86.38805,31.45875],[-86.38766,31.45731],[-86.38466,31.45826],[-86.3864,31.46016],[-86.37938,31.46572],[-86.3798,31.46793],[-86.3785,31.46808],[-86.37733,31.46655],[-86.37521,31.46789],[-86.37794,31.46976],[-86.37696,31.47032],[-86.37732,31.47231],[-86.37582,31.47216],[-86.37527,31.47408],[-86.37345,31.47406],[-86.37357,31.47243],[-86.3703,31.47369],[-86.36944,31.47564],[-86.37062,31.47628],[-86.36746,31.47769],[-86.36703,31.48031],[-86.36495,31.48079],[-86.36362,31.48478],[-86.36469,31.48713],[-86.36184,31.4875],[-86.36003,31.48677],[-86.35916,31.48784],[-86.35822,31.48747],[-86.35796,31.486],[-86.356,31.48747],[-86.35429,31.48598],[-86.35404,31.48471],[-86.34814,31.48587],[-86.34704,31.48526],[-86.34538,31.48764],[-86.34701,31.48735],[-86.34776,31.48814],[-86.3459,31.49027],[-86.34096,31.48692],[-86.33854,31.48756],[-86.33558,31.49065],[-86.33658,31.49133],[-86.33501,31.49313],[-86.33539,31.49423],[-86.33458,31.49458],[-86.33441,31.4937],[-86.33358,31.49358],[-86.3336,31.49499],[-86.33258,31.49513],[-86.33062,31.4989],[-86.3291,31.49923],[-86.33059,31.50176],[-86.32831,31.50137],[-86.3277,31.50257],[-86.32654,31.50285],[-86.32359,31.50138],[-86.32475,31.50332],[-86.32393,31.50466],[-86.31919,31.50558],[-86.31985,31.50895],[-86.31846,31.51007],[-86.32002,31.51174],[-86.31815,31.51106],[-86.31492,31.51401],[-86.31367,31.51417],[-86.31331,31.51557],[-86.3113,31.51565],[-86.30696,31.51907],[-86.30445,31.51969],[-86.30427,31.52064],[-86.30142,31.52118],[-86.30133,31.52254],[-86.29892,31.52355],[-86.29935,31.52694],[-86.29802,31.52662],[-86.29735,31.52758],[-86.29889,31.5285],[-86.28016,31.52851],[-86.27808,31.51335],[-86.27703,31.4556],[-86.26019,31.45572],[-86.26188,31.44117],[-86.2107,31.44171],[-86.19395,31.44007],[-86.19478,31.52995],[-86.15656,31.5302],[-86.15677,31.53753],[-86.14395,31.53767],[-86.14589,31.61774],[-86.17967,31.61641],[-86.179,31.61761],[-86.18049,31.62136],[-86.18,31.62252],[-86.17907,31.62223],[-86.17855,31.62317],[-86.18006,31.62511],[-86.17877,31.62576],[-86.17987,31.62641],[-86.17883,31.627],[-86.17964,31.62755],[-86.17732,31.62829],[-86.17634,31.62971],[-86.17494,31.62932],[-86.1748,31.63163],[-86.17352,31.63078],[-86.17263,31.63224],[-86.17174,31.63225],[-86.17106,31.63408],[-86.1704,31.63269],[-86.16907,31.63332],[-86.16843,31.63471],[-86.16951,31.63477],[-86.16946,31.63633],[-86.17029,31.63552],[-86.17081,31.63707],[-86.16959,31.63739],[-86.16914,31.63931],[-86.16767,31.63971],[-86.16708,31.63841],[-86.16576,31.63939],[-86.16697,31.63959],[-86.16752,31.6407],[-86.16605,31.64005],[-86.16562,31.64116],[-86.16303,31.64068],[-86.16161,31.64149],[-86.16251,31.64324],[-86.16115,31.64343],[-86.16183,31.6446],[-86.15888,31.64754],[-86.15979,31.64985],[-86.15826,31.65119],[-86.16049,31.65109],[-86.16114,31.65206],[-86.1613,31.65487],[-86.16104,31.65577],[-86.16016,31.65561],[-86.16064,31.65701],[-86.15827,31.65753],[-86.15984,31.65758],[-86.16006,31.66023],[-86.15797,31.6609],[-86.15776,31.66023],[-86.1561,31.66047],[-86.15505,31.66158],[-86.15123,31.66164],[-86.15116,31.66248],[-86.14711,31.663],[-86.14699,31.76198],[-86.14834,31.79095],[-86.19938,31.79045],[-86.19941,31.80786],[-86.19809,31.80898],[-86.19594,31.80916],[-86.19554,31.81127],[-86.1946,31.81081],[-86.19285,31.81212],[-86.19406,31.81345],[-86.19312,31.81524],[-86.1936,31.81893],[-86.19181,31.8214],[-86.18824,31.82397],[-86.18295,31.83239],[-86.186,31.83673],[-86.18622,31.83872],[-86.18352,31.84647],[-86.18442,31.85073],[-86.18292,31.85752],[-86.18299,31.86122],[-86.18171,31.86275],[-86.18289,31.86446],[-86.18185,31.8658],[-86.17998,31.86562],[-86.18056,31.86972],[-86.18236,31.87014],[-86.18131,31.87172],[-86.17957,31.87215],[-86.17999,31.87347],[-86.17878,31.87548],[-86.17959,31.87857],[-86.17801,31.87983],[-86.17739,31.88118],[-86.17814,31.88253],[-86.17672,31.88389],[-86.1775,31.88629],[-86.17454,31.88803],[-86.17309,31.89239],[-86.17444,31.89609],[-86.17384,31.89916],[-86.17602,31.90198],[-86.17514,31.90724],[-86.1757,31.90854],[-86.17412,31.91023],[-86.17624,31.91381],[-86.17561,31.91403],[-86.17488,31.91777],[-86.17782,31.92511],[-86.17505,31.92604],[-86.17502,31.93102],[-86.1798,31.93595],[-86.17913,31.93897],[-86.18002,31.942],[-86.182,31.9442],[-86.18176,31.94915],[-86.18387,31.95586],[-86.18558,31.95824],[-86.18565,31.96232],[-86.18932,31.96387],[-86.19138,31.96645],[-86.30222,31.96506],[-86.30263,32.03714],[-86.30362,32.05166],[-86.30426,32.05168],[-86.40628,32.05073],[-86.40616,32.0438],[-86.3965,32.04397],[-86.39636,32.03698],[-86.40605,32.03682],[-86.40501,31.96377],[-86.41423,31.96484],[-86.4482,31.96463]]]},"properties":{"GEOID":"01041","BASENAME":"Crenshaw","NAME":"Crenshaw County"}},{"type":"Feature","geometry":{"type":"Polygon","coordinates":[[[-87.55363,34.82689],[-87.54629,34.83043],[-87.53549,34.82955],[-87.52552,34.83232],[-87.51862,34.83179],[-87.51419,34.83018],[-87.509,34.82312],[-87.49465,34.81881],[-87.48451,34.81371],[-87.47913,34.81252],[-87.46744,34.81184],[-87.44998,34.80828],[-87.43533,34.80391],[-87.43062,34.80132],[-87.42455,34.79963],[-87.39362,34.80178],[-87.37025,34.80499],[-87.34422,34.79649],[-87.2979,34.75081],[-87.27857,34.75276],[-87.26068,34.75863],[-87.26104,34.7599],[-87.26468,34.76081],[-87.26616,34.76573],[-87.26937,34.76824],[-87.27187,34.7685],[-87.27649,34.77128],[-87.27861,34.7749],[-87.27805,34.77895],[-87.2765,34.78076],[-87.27108,34.78383],[-87.25557,34.78835],[-87.22299,34.80876],[-87.21491,34.81601],[-87.21495,34.83561],[-87.21194,34.90658],[-87.21076,34.99902],[-87.42997,35.00279],[-87.67077,35.00359],[-87.84858,35.00559],[-88.00003,35.00594],[-88.20296,35.00803],[-88.20076,34.99754],[-88.19805,34.99028],[-88.18835,34.97596],[-88.18116,34.96887],[-88.17254,34.9569],[-88.16458,34.94094],[-88.15973,34.92897],[-88.15241,34.91974],[-88.13891,34.90889],[-88.12822,34.90309],[-88.1,34.8941],[-88.09789,34.8922],[-88.09758,34.89467],[-88.08748,34.89393],[-88.07908,34.89442],[-88.07245,34.89673],[-88.06371,34.90207],[-88.0584,34.90435],[-88.05079,34.90618],[-88.04087,34.90661],[-88.03128,34.90424],[-88.01223,34.89554],[-87.99634,34.89018],[-87.99456,34.88865],[-87.98817,34.88731],[-87.97747,34.88302],[-87.97322,34.88255],[-87.96283,34.87507],[-87.95777,34.87241],[-87.95255,34.86795],[-87.9392,34.85038],[-87.93362,34.83946],[-87.93023,34.82387],[-87.92763,34.81666],[-87.92286,34.80803],[-87.91741,34.80148],[-87.90081,34.7908],[-87.8829,34.77718],[-87.86131,34.76298],[-87.84865,34.74959],[-87.84383,34.74572],[-87.83583,34.74124],[-87.81783,34.73499],[-87.80696,34.73206],[-87.80248,34.7319],[-87.79039,34.73225],[-87.77271,34.73464],[-87.76103,34.7353],[-87.74693,34.74259],[-87.73372,34.74523],[-87.73062,34.74697],[-87.71665,34.76558],[-87.70757,34.77292],[-87.67619,34.78195],[-87.66839,34.78263],[-87.65403,34.78785],[-87.64263,34.79307],[-87.6247,34.79604],[-87.61868,34.79825],[-87.61369,34.79903],[-87.6051,34.80367],[-87.59147,34.80925],[-87.58948,34.81074],[-87.58475,34.81919],[-87.58064,34.8218],[-87.56714,34.82587],[-87.55746,34.82593],[-87.55363,34.82689]]]},"properties":{"GEOID":"01077","BASENAME":"Lauderdale","NAME":"Lauderdale County"}},{"type":"Feature","geometry":{"type":"Polygon","coordinates":[[[-85.16535,32.47097],[-85.33384,32.46864],[-85.33014,32.41084],[-85.43404,32.40984],[-85.43475,32.31645],[-85.43412,32.25015],[-85.42744,32.14655],[-85.25775,32.14825],[-85.25923,32.14567],[-85.25856,32.14383],[-85.25983,32.14278],[-85.25803,32.14012],[-85.25978,32.13854],[-85.25609,32.13767],[-85.25569,32.13561],[-85.25356,32.13627],[-85.25437,32.13462],[-85.25168,32.13396],[-85.25184,32.13277],[-85.24954,32.13316],[-85.25036,32.13405],[-85.24994,32.13442],[-85.24892,32.13343],[-85.24774,32.13366],[-85.25001,32.13009],[-85.24863,32.13],[-85.24693,32.13201],[-85.24631,32.12938],[-85.24486,32.12913],[-85.24397,32.13075],[-85.24176,32.12947],[-85.24184,32.12835],[-85.24039,32.12842],[-85.24052,32.12714],[-85.23926,32.12734],[-85.23917,32.12631],[-85.23799,32.12682],[-85.23626,32.12387],[-85.24543,32.12342],[-85.24549,32.11914],[-85.23423,32.11955],[-85.23472,32.11601],[-85.23279,32.11663],[-85.23227,32.1143],[-85.23047,32.11439],[-85.22964,32.11263],[-85.23066,32.11143],[-85.22848,32.10772],[-85.23092,32.10619],[-85.22769,32.10523],[-85.22925,32.10294],[-85.22842,32.10163],[-85.22489,32.09989],[-85.22328,32.09769],[-85.22134,32.09662],[-85.22091,32.09533],[-85.21892,32.09554],[-85.21827,32.09403],[-85.21469,32.09554],[-85.21122,32.09433],[-85.21039,32.09222],[-85.20823,32.09279],[-85.2081,32.09172],[-85.20947,32.09025],[-85.20527,32.08894],[-85.20694,32.08757],[-85.20683,32.08679],[-85.20457,32.08521],[-85.20105,32.08457],[-85.19984,32.08276],[-85.1986,32.08345],[-85.19782,32.08219],[-85.1958,32.08242],[-85.1969,32.07944],[-85.19491,32.07951],[-85.19478,32.0779],[-85.1922,32.07552],[-85.19351,32.07394],[-85.19467,32.07495],[-85.19594,32.07474],[-85.1944,32.07254],[-85.19564,32.07149],[-85.19386,32.07057],[-85.19483,32.06934],[-85.1922,32.06957],[-85.19268,32.06776],[-85.19195,32.06478],[-85.18967,32.06524],[-85.18889,32.06361],[-85.18679,32.06318],[-85.18507,32.06171],[-85.11337,32.06239],[-85.11319,32.06958],[-85.10478,32.06975],[-85.10498,32.06254],[-85.05603,32.06306],[-85.05408,32.07021],[-85.05581,32.07444],[-85.05323,32.0806],[-85.05116,32.08253],[-85.04685,32.08378],[-85.04476,32.08584],[-85.04506,32.08806],[-85.04955,32.09536],[-85.0534,32.10484],[-85.05505,32.11367],[-85.06191,32.1309],[-85.06206,32.13249],[-85.06114,32.13407],[-85.04559,32.14376],[-85.03874,32.15227],[-85.03348,32.15693],[-85.02658,32.1661],[-85.01708,32.17352],[-85.01345,32.17869],[-85.01127,32.18049],[-85.00853,32.1819],[-85.00053,32.18309],[-84.97503,32.19105],[-84.96913,32.19385],[-84.96683,32.19395],[-84.96373,32.19585],[-84.96173,32.19875],[-84.96273,32.20155],[-84.96463,32.20355],[-84.96943,32.20445],[-84.97443,32.20355],[-84.98023,32.20775],[-84.97983,32.21105],[-84.97333,32.21765],[-84.96813,32.21935],[-84.9594,32.21786],[-84.94893,32.21855],[-84.93933,32.21795],[-84.92823,32.21985],[-84.92543,32.22155],[-84.92293,32.22475],[-84.92333,32.23085],[-84.92063,32.23395],[-84.91633,32.23655],[-84.91273,32.24335],[-84.91543,32.24605],[-84.91723,32.24595],[-84.92033,32.24405],[-84.92323,32.24465],[-84.92433,32.24605],[-84.92443,32.25015],[-84.92175,32.25066],[-84.91733,32.24905],[-84.91493,32.24935],[-84.91353,32.24865],[-84.90723,32.24905],[-84.90409,32.25084],[-84.90348,32.25561],[-84.90119,32.25837],[-84.89828,32.25903],[-84.8905,32.25762],[-84.88828,32.25933],[-84.88852,32.26087],[-84.89396,32.26585],[-84.89865,32.26844],[-84.90402,32.27375],[-84.91113,32.27695],[-84.92287,32.28533],[-84.93465,32.29892],[-84.94186,32.30258],[-84.9513,32.30488],[-84.98883,32.31917],[-85.00034,32.32142],[-85.00328,32.32279],[-85.0064,32.32676],[-85.0081,32.33668],[-85.00458,32.3452],[-84.99993,32.34955],[-84.99124,32.35503],[-84.98387,32.36239],[-84.98324,32.36512],[-84.98633,32.36869],[-84.98532,32.37251],[-84.98204,32.37434],[-84.97523,32.37416],[-84.97316,32.37533],[-84.97215,32.37691],[-84.97255,32.37896],[-84.97481,32.38026],[-84.98628,32.38034],[-84.98807,32.38213],[-84.98841,32.38522],[-84.9855,32.39032],[-84.983,32.39195],[-84.97836,32.3905],[-84.97569,32.39106],[-84.97057,32.39062],[-84.96873,32.39146],[-84.96844,32.39245],[-84.96927,32.39344],[-84.97475,32.3956],[-84.9799,32.4001],[-84.9811,32.40283],[-84.98095,32.40606],[-84.97943,32.41224],[-84.97693,32.41424],[-84.97183,32.41624],[-84.96343,32.42254],[-84.96303,32.42424],[-84.96473,32.42734],[-84.96703,32.43534],[-84.97183,32.44284],[-84.98383,32.44564],[-84.99353,32.45074],[-84.99533,32.45324],[-84.99803,32.46174],[-84.99853,32.46874],[-84.99523,32.4753],[-84.99483,32.4861],[-84.99673,32.49234],[-84.99833,32.49414],[-84.99883,32.49704],[-84.99653,32.50164],[-84.99693,32.50314],[-84.99983,32.50434],[-84.99893,32.50634],[-84.99973,32.50814],[-85.00093,32.50874],[-85.00102,32.51016],[-85.06078,32.50918],[-85.05929,32.47291],[-85.16535,32.47097]]]},"properties":{"GEOID":"01113","BASENAME":"Russell","NAME":"Russell County"}},{"type":"Feature","geometry":{"type":"Polygon","coordinates":[[[-85.41585,31.68164],[-85.41604,31.70666],[-85.31963,31.70571],[-85.21608,31.70241],[-85.21,31.70965],[-85.20911,31.71173],[-85.21139,31.71689],[-85.21088,31.72548],[-85.20885,31.7283],[-85.20877,31.73237],[-85.20668,31.73684],[-85.20646,31.74124],[-85.20507,31.74257],[-85.19858,31.74316],[-85.19164,31.74749],[-85.18866,31.74621],[-85.18689,31.74935],[-85.18247,31.75149],[-85.18237,31.75344],[-85.17548,31.75387],[-85.1754,31.75596],[-85.17213,31.75713],[-85.17188,31.75866],[-85.16923,31.76099],[-85.16538,31.76001],[-85.16471,31.76098],[-85.16502,31.76246],[-85.161,31.76562],[-85.16179,31.76864],[-85.15993,31.76966],[-85.16043,31.77057],[-85.15984,31.77156],[-85.15623,31.77166],[-85.15433,31.77387],[-85.15353,31.77296],[-85.15124,31.77436],[-85.15103,31.77336],[-85.14843,31.77347],[-85.14403,31.77085],[-85.14262,31.77075],[-85.14362,31.76996],[-85.14192,31.76926],[-85.14283,31.76846],[-85.14111,31.76718],[-85.13943,31.76806],[-85.13863,31.76956],[-85.13493,31.76826],[-85.13403,31.76686],[-85.13243,31.76726],[-85.13343,31.76656],[-85.12933,31.76366],[-85.12873,31.76396],[-85.12873,31.76326],[-85.12733,31.76256],[-85.12623,31.76336],[-85.12523,31.76626],[-85.12573,31.76816],[-85.13973,31.77906],[-85.14193,31.78196],[-85.13713,31.78836],[-85.13293,31.79236],[-85.13223,31.79516],[-85.13293,31.80806],[-85.13123,31.81676],[-85.13173,31.81886],[-85.13403,31.82216],[-85.13453,31.82496],[-85.13193,31.82706],[-85.13253,31.82846],[-85.13773,31.83216],[-85.14183,31.83926],[-85.14133,31.84106],[-85.13833,31.84416],[-85.13773,31.84586],[-85.13803,31.85126],[-85.14073,31.85746],[-85.13583,31.86246],[-85.13373,31.87006],[-85.12843,31.87756],[-85.12933,31.88246],[-85.13433,31.89146],[-85.13293,31.89306],[-85.11703,31.89286],[-85.11403,31.89336],[-85.11203,31.89476],[-85.11063,31.89686],[-85.11223,31.90276],[-85.11153,31.90356],[-85.10823,31.90426],[-85.10803,31.90516],[-85.10983,31.90806],[-85.11273,31.90986],[-85.11313,31.91186],[-85.10243,31.91736],[-85.10133,31.91866],[-85.09953,31.92526],[-85.09183,31.92886],[-85.08643,31.93596],[-85.07893,31.94016],[-85.07893,31.94146],[-85.08243,31.94536],[-85.08443,31.95406],[-85.08683,31.95776],[-85.08673,31.95916],[-85.08323,31.96246],[-85.07393,31.96416],[-85.06783,31.96736],[-85.06593,31.97246],[-85.06683,31.97476],[-85.06993,31.97836],[-85.07093,31.98166],[-85.06833,31.98676],[-85.06833,31.99216],[-85.06733,31.99556],[-85.06344,32.00414],[-85.05508,32.01071],[-85.05381,32.0135],[-85.05531,32.01775],[-85.05367,32.02066],[-85.0512,32.02067],[-85.04883,32.0217],[-85.04887,32.02301],[-85.05625,32.02834],[-85.05777,32.03182],[-85.05803,32.03361],[-85.05353,32.03595],[-85.05415,32.03932],[-85.05803,32.04376],[-85.05883,32.04666],[-85.05663,32.05416],[-85.05683,32.05975],[-85.05593,32.06306],[-85.10498,32.06254],[-85.10478,32.06975],[-85.11319,32.06958],[-85.11337,32.06239],[-85.18507,32.06171],[-85.18679,32.06318],[-85.18889,32.06361],[-85.18967,32.06524],[-85.19195,32.06478],[-85.19268,32.06776],[-85.1922,32.06957],[-85.19483,32.06934],[-85.19386,32.07057],[-85.19564,32.07149],[-85.1944,32.07254],[-85.19594,32.07474],[-85.19467,32.07495],[-85.19351,32.07394],[-85.1922,32.07552],[-85.19478,32.0779],[-85.19491,32.07951],[-85.1969,32.07944],[-85.1958,32.08242],[-85.19782,32.08219],[-85.1986,32.08345],[-85.19984,32.08276],[-85.20105,32.08457],[-85.20457,32.08521],[-85.20683,32.08679],[-85.20694,32.08757],[-85.20527,32.08894],[-85.20947,32.09025],[-85.2081,32.09172],[-85.20823,32.09279],[-85.21039,32.09222],[-85.21122,32.09433],[-85.21469,32.09554],[-85.21827,32.09403],[-85.21892,32.09554],[-85.22091,32.09533],[-85.22134,32.09662],[-85.22328,32.09769],[-85.22489,32.09989],[-85.22842,32.10163],[-85.22925,32.10294],[-85.22769,32.10523],[-85.23092,32.10619],[-85.22848,32.10772],[-85.23066,32.11143],[-85.22964,32.11263],[-85.23047,32.11439],[-85.23227,32.1143],[-85.23279,32.11663],[-85.23472,32.11601],[-85.23423,32.11955],[-85.24549,32.11914],[-85.24543,32.12342],[-85.23626,32.12387],[-85.23799,32.12682],[-85.23917,32.12631],[-85.23926,32.12734],[-85.24052,32.12714],[-85.24039,32.12842],[-85.24184,32.12835],[-85.24176,32.12947],[-85.24397,32.13075],[-85.24486,32.12913],[-85.24631,32.12938],[-85.24693,32.13201],[-85.24863,32.13],[-85.25001,32.13009],[-85.24774,32.13366],[-85.24892,32.13343],[-85.24994,32.13442],[-85.25036,32.13405],[-85.24954,32.13316],[-85.25184,32.13277],[-85.25168,32.13396],[-85.25437,32.13462],[-85.25356,32.13627],[-85.25569,32.13561],[-85.25609,32.13767],[-85.25978,32.13854],[-85.25803,32.14012],[-85.25983,32.14278],[-85.25856,32.14383],[-85.25923,32.14567],[-85.25775,32.14825],[-85.41024,32.14665],[-85.41004,32.13945],[-85.42744,32.13935],[-85.43031,32.05196],[-85.42882,32.03469],[-85.42848,32.01495],[-85.46254,32.01436],[-85.46304,32.02235],[-85.47114,32.02226],[-85.47064,32.01416],[-85.51264,32.01405],[-85.51236,31.99969],[-85.52963,31.99954],[-85.53484,31.99506],[-85.53814,31.99805],[-85.58734,31.99735],[-85.59255,31.99426],[-85.59357,31.9927],[-85.59247,31.98624],[-85.59424,31.98441],[-85.59386,31.98248],[-85.59494,31.98164],[-85.59677,31.9771],[-85.60233,31.97323],[-85.60362,31.97128],[-85.60485,31.96598],[-85.60477,31.96085],[-85.60552,31.95961],[-85.60936,31.95466],[-85.61197,31.95347],[-85.61551,31.94816],[-85.62028,31.9455],[-85.62332,31.93855],[-85.63154,31.93195],[-85.63485,31.92575],[-85.63697,31.92362],[-85.63984,31.92277],[-85.64095,31.92103],[-85.64022,31.91828],[-85.64079,31.91677],[-85.6446,31.91487],[-85.646,31.91251],[-85.64877,31.91162],[-85.64877,31.90289],[-85.65052,31.89996],[-85.65189,31.90023],[-85.65248,31.8959],[-85.65361,31.89604],[-85.65377,31.89482],[-85.65705,31.89081],[-85.65638,31.88992],[-85.65788,31.88891],[-85.65603,31.88626],[-85.65694,31.88495],[-85.65606,31.88176],[-85.65971,31.87892],[-85.65906,31.87743],[-85.66408,31.87433],[-85.66371,31.87327],[-85.66451,31.87231],[-85.66363,31.87066],[-85.66693,31.87],[-85.66744,31.86739],[-85.66884,31.86716],[-85.66846,31.86554],[-85.67064,31.86496],[-85.67007,31.86436],[-85.67182,31.86287],[-85.67147,31.862],[-85.67405,31.86084],[-85.67364,31.85946],[-85.67534,31.86033],[-85.67547,31.85861],[-85.67469,31.85804],[-85.67625,31.85793],[-85.67574,31.85657],[-85.67732,31.85689],[-85.67813,31.856],[-85.67805,31.85474],[-85.67673,31.85442],[-85.67767,31.85224],[-85.67577,31.85046],[-85.67681,31.84918],[-85.67452,31.84835],[-85.67327,31.84711],[-85.67357,31.8458],[-85.67252,31.8459],[-85.67241,31.84335],[-85.67078,31.84184],[-85.67182,31.84143],[-85.6719,31.84042],[-85.66968,31.84026],[-85.66957,31.83719],[-85.67016,31.83662],[-85.66925,31.83653],[-85.66925,31.83504],[-85.66831,31.83476],[-85.66976,31.83364],[-85.66917,31.83302],[-85.67156,31.82867],[-85.67156,31.82441],[-85.67384,31.82111],[-85.67338,31.82017],[-85.67459,31.81996],[-85.67312,31.8184],[-85.67204,31.81872],[-85.67167,31.81707],[-85.67309,31.81467],[-85.67301,31.81247],[-85.67381,31.81231],[-85.67266,31.80905],[-85.674,31.80837],[-85.67414,31.80699],[-85.67239,31.80491],[-85.67062,31.79989],[-85.67135,31.79886],[-85.67095,31.79538],[-85.66995,31.79432],[-85.66936,31.79501],[-85.66805,31.79455],[-85.66909,31.79217],[-85.66689,31.79322],[-85.66749,31.79198],[-85.66644,31.79146],[-85.66808,31.79063],[-85.66679,31.7907],[-85.667,31.7893],[-85.66588,31.78802],[-85.66491,31.78825],[-85.666,31.78638],[-85.66272,31.78565],[-85.66269,31.78332],[-85.66564,31.78142],[-85.66446,31.77977],[-85.66698,31.77984],[-85.66669,31.7774],[-85.66833,31.77479],[-85.6662,31.77249],[-85.66792,31.77185],[-85.66717,31.77017],[-85.67125,31.76094],[-85.67457,31.75844],[-85.67535,31.75851],[-85.67511,31.76009],[-85.67656,31.75874],[-85.67846,31.7586],[-85.67878,31.75812],[-85.67712,31.75771],[-85.67937,31.75743],[-85.67851,31.7565],[-85.68077,31.75595],[-85.68192,31.75698],[-85.68259,31.75546],[-85.68451,31.75553],[-85.68479,31.75363],[-85.68712,31.75427],[-85.68739,31.7523],[-85.68951,31.7526],[-85.68892,31.75168],[-85.69042,31.74998],[-85.69163,31.75028],[-85.69266,31.74909],[-85.69242,31.74821],[-85.6956,31.74783],[-85.69756,31.74555],[-85.69667,31.74507],[-85.69861,31.74409],[-85.6996,31.74458],[-85.69931,31.743],[-85.7006,31.74261],[-85.70244,31.73968],[-85.70175,31.73758],[-85.70415,31.737],[-85.70277,31.73617],[-85.70387,31.73315],[-85.70264,31.73344],[-85.70508,31.73206],[-85.70366,31.73046],[-85.70454,31.73044],[-85.70551,31.72811],[-85.70425,31.7267],[-85.70618,31.72594],[-85.70441,31.72502],[-85.70452,31.72416],[-85.70331,31.72417],[-85.70543,31.72319],[-85.70457,31.7229],[-85.70452,31.72157],[-85.70541,31.72235],[-85.70641,31.72154],[-85.70574,31.71996],[-85.70806,31.71989],[-85.70505,31.71843],[-85.70771,31.71803],[-85.70603,31.71754],[-85.70736,31.7161],[-85.70674,31.71496],[-85.70717,31.71352],[-85.70852,31.71295],[-85.70816,31.71225],[-85.70896,31.7117],[-85.70575,31.70922],[-85.70612,31.70724],[-85.7088,31.70651],[-85.70965,31.70394],[-85.71199,31.70392],[-85.71151,31.70312],[-85.71301,31.70184],[-85.71223,31.70076],[-85.71322,31.69799],[-85.71443,31.69854],[-85.71529,31.69802],[-85.71553,31.69902],[-85.71631,31.69795],[-85.71791,31.69803],[-85.71866,31.69547],[-85.71985,31.69539],[-85.71922,31.6938],[-85.72064,31.69306],[-85.72022,31.69205],[-85.71965,31.69256],[-85.71795,31.69156],[-85.7175,31.68878],[-85.71601,31.688],[-85.71692,31.68726],[-85.71777,31.68426],[-85.71631,31.68422],[-85.71773,31.68315],[-85.71623,31.68287],[-85.71742,31.68101],[-85.71764,31.67929],[-85.71627,31.67817],[-85.71731,31.67753],[-85.7167,31.67715],[-85.71761,31.67615],[-85.71688,31.67546],[-85.71759,31.67454],[-85.71644,31.67367],[-85.71575,31.66912],[-85.71594,31.66786],[-85.71836,31.66724],[-85.71761,31.66655],[-85.71791,31.66519],[-85.71663,31.66519],[-85.71883,31.66439],[-85.71693,31.66355],[-85.71801,31.66227],[-85.71779,31.66055],[-85.71615,31.6605],[-85.71728,31.65672],[-85.71696,31.65507],[-85.72233,31.64668],[-85.72309,31.6477],[-85.72478,31.64563],[-85.72609,31.64565],[-85.72579,31.64477],[-85.72696,31.64405],[-85.72794,31.64147],[-85.72847,31.63738],[-85.73095,31.63553],[-85.73046,31.63387],[-85.73114,31.63307],[-85.72983,31.63237],[-85.73573,31.62449],[-85.73992,31.62332],[-85.73968,31.62204],[-85.74107,31.62124],[-85.74075,31.62032],[-85.74174,31.6194],[-85.7423,31.61931],[-85.74188,31.62078],[-85.74297,31.62124],[-85.74543,31.6189],[-85.74803,31.61918],[-85.74843,31.61832],[-85.58544,31.61756],[-85.49996,31.62027],[-85.46704,31.62057],[-85.41644,31.61947],[-85.41585,31.68164]]]},"properties":{"GEOID":"01005","BASENAME":"Barbour","NAME":"Barbour County"}},{"type":"Feature","geometry":{"type":"Polygon","coordinates":[[[-86.6537,32.70619],[-86.43963,32.70821],[-86.41312,32.70739],[-86.41333,32.75059],[-86.37112,32.75063],[-86.37497,32.75358],[-86.38802,32.75754],[-86.39674,32.76295],[-86.39942,32.76812],[-86.40591,32.77298],[-86.4087,32.77671],[-86.4134,32.78818],[-86.41883,32.79099],[-86.42867,32.79232],[-86.43277,32.797],[-86.44383,32.80448],[-86.44465,32.80704],[-86.44393,32.80865],[-86.44131,32.81049],[-86.44249,32.8125],[-86.445,32.81334],[-86.45295,32.8131],[-86.45701,32.8139],[-86.45873,32.81882],[-86.46069,32.83346],[-86.45996,32.83704],[-86.45738,32.84284],[-86.45438,32.84671],[-86.44763,32.85113],[-86.44688,32.85401],[-86.44845,32.85861],[-86.45152,32.86369],[-86.45824,32.86833],[-86.47138,32.86979],[-86.47871,32.87266],[-86.48052,32.87512],[-86.48257,32.88392],[-86.48868,32.89583],[-86.49051,32.90562],[-86.49353,32.90893],[-86.49844,32.91165],[-86.50399,32.9123],[-86.50575,32.91328],[-86.50689,32.91455],[-86.50776,32.91874],[-86.51244,32.92316],[-86.51626,32.93024],[-86.51413,32.93557],[-86.51619,32.94318],[-86.51606,32.95038],[-86.51517,32.95331],[-86.51823,32.97046],[-86.51737,32.97262],[-86.51175,32.97762],[-86.51046,32.98357],[-86.51245,32.98975],[-86.52045,33.00012],[-86.52211,33.00333],[-86.51868,33.01831],[-86.51734,33.02057],[-86.52298,33.02311],[-86.53686,33.02443],[-86.55049,33.01882],[-86.564,33.0199],[-86.56588,33.02549],[-86.56749,33.02742],[-86.58049,33.0346],[-86.58537,33.04073],[-86.59356,33.04356],[-86.59827,33.04624],[-86.60089,33.05012],[-86.60175,33.05429],[-86.60403,33.05509],[-86.61488,33.05351],[-86.61643,33.05386],[-86.61875,33.0603],[-86.61489,33.06425],[-86.60909,33.06644],[-86.60898,33.06845],[-86.61,33.07],[-86.82051,33.06844],[-86.82483,33.06853],[-86.82486,33.06991],[-86.84215,33.07092],[-86.88164,33.07186],[-86.88118,33.0499],[-86.87687,33.04993],[-86.87612,32.83626],[-86.91661,32.83768],[-87.01916,32.83703],[-87.01765,32.75013],[-87.01766,32.66327],[-86.91461,32.66435],[-86.81657,32.66012],[-86.71339,32.66173],[-86.71422,32.70569],[-86.6537,32.70619]]]},"properties":{"GEOID":"01021","BASENAME":"Chilton","NAME":"Chilton County"}},{"type":"Feature","geometry":{"type":"Polygon","coordinates":[[[-86.56421,33.80194],[-86.52177,33.8019],[-86.51185,33.81102],[-86.50643,33.81086],[-86.50502,33.80864],[-86.49848,33.8127],[-86.49279,33.81255],[-86.4908,33.81381],[-86.48847,33.81293],[-86.48653,33.81335],[-86.48446,33.81578],[-86.4803,33.81515],[-86.4768,33.81788],[-86.4707,33.82082],[-86.46722,33.82085],[-86.45631,33.82315],[-86.45136,33.82293],[-86.44676,33.82446],[-86.44528,33.82598],[-86.44346,33.82461],[-86.44315,33.82329],[-86.43816,33.82004],[-86.43362,33.82076],[-86.43087,33.81942],[-86.42805,33.82047],[-86.42757,33.82102],[-86.42836,33.82288],[-86.42748,33.82377],[-86.42158,33.82636],[-86.41411,33.83136],[-86.41271,33.83139],[-86.40859,33.83394],[-86.40588,33.836],[-86.40351,33.83954],[-86.39616,33.84365],[-86.3915,33.84941],[-86.39109,33.85331],[-86.38096,33.85883],[-86.38045,33.85985],[-86.37275,33.86483],[-86.37237,33.86616],[-86.37026,33.86674],[-86.36924,33.86937],[-86.36601,33.87287],[-86.3601,33.87542],[-86.35803,33.87536],[-86.3581,33.87627],[-86.35677,33.87588],[-86.35359,33.87921],[-86.34812,33.88087],[-86.34838,33.88195],[-86.34566,33.88302],[-86.34249,33.88671],[-86.34266,33.88834],[-86.34036,33.89024],[-86.34115,33.89157],[-86.33917,33.89368],[-86.33935,33.89491],[-86.34092,33.89616],[-86.3446,33.89729],[-86.34802,33.90139],[-86.34736,33.90205],[-86.34755,33.90382],[-86.3495,33.90698],[-86.34789,33.91219],[-86.34473,33.91728],[-86.34232,33.91911],[-86.33939,33.91934],[-86.3401,33.92081],[-86.33937,33.92115],[-86.33513,33.92001],[-86.33301,33.92284],[-86.33182,33.92301],[-86.33265,33.92442],[-86.32957,33.92637],[-86.328,33.92954],[-86.32472,33.92925],[-86.32215,33.93243],[-86.32278,33.93425],[-86.32466,33.93473],[-86.3276,33.93707],[-86.32562,33.94015],[-86.37015,33.93977],[-86.36854,33.94261],[-86.36586,33.94327],[-86.36107,33.9469],[-86.36133,33.94833],[-86.35974,33.94949],[-86.35882,33.95279],[-86.35398,33.95377],[-86.35,33.95638],[-86.34949,33.95769],[-86.35082,33.95851],[-86.35142,33.96035],[-86.34814,33.96159],[-86.34775,33.96414],[-86.3444,33.96474],[-86.34459,33.96775],[-86.33934,33.97148],[-86.34094,33.97314],[-86.34165,33.97735],[-86.33706,33.97699],[-86.33599,33.98123],[-86.33366,33.98209],[-86.33569,33.98359],[-86.33272,33.98611],[-86.33239,34.04648],[-86.32266,34.07229],[-86.30352,34.09907],[-86.30368,34.09988],[-86.30469,34.10154],[-86.31102,34.10662],[-86.31366,34.11179],[-86.32126,34.11535],[-86.33002,34.1251],[-86.40902,34.205],[-86.44507,34.24954],[-86.44413,34.25912],[-86.48686,34.26048],[-86.4874,34.25941],[-86.49201,34.25727],[-86.49186,34.25456],[-86.49571,34.2512],[-86.498,34.25022],[-86.49757,34.24888],[-86.49966,34.24897],[-86.50197,34.25066],[-86.50357,34.25317],[-86.50618,34.25304],[-86.50746,34.25435],[-86.51097,34.25492],[-86.51488,34.25437],[-86.51938,34.252],[-86.51972,34.24794],[-86.52304,34.24418],[-86.52543,34.23841],[-86.5247,34.23557],[-86.52261,34.23409],[-86.52413,34.22947],[-86.52352,34.22655],[-86.52555,34.22578],[-86.52731,34.22699],[-86.52939,34.22484],[-86.53371,34.224],[-86.53536,34.22584],[-86.54011,34.22577],[-86.54034,34.22498],[-86.53841,34.22441],[-86.53822,34.22355],[-86.54262,34.21627],[-86.54725,34.21613],[-86.54569,34.21401],[-86.54245,34.21286],[-86.54262,34.21142],[-86.54719,34.20886],[-86.54971,34.20588],[-86.55294,34.20597],[-86.55433,34.20522],[-86.54899,34.19949],[-86.55067,34.1974],[-86.55658,34.19351],[-86.55565,34.18878],[-86.55494,34.18792],[-86.55242,34.18796],[-86.5494,34.18637],[-86.54762,34.18737],[-86.54521,34.18727],[-86.54559,34.18546],[-86.5497,34.18141],[-86.55697,34.17885],[-86.56357,34.17064],[-86.567,34.17078],[-86.5701,34.16778],[-86.57368,34.16602],[-86.57352,34.16297],[-86.57508,34.15826],[-86.58047,34.15559],[-86.58224,34.15379],[-86.58405,34.15076],[-86.58374,34.14717],[-86.58455,34.1458],[-86.58623,34.14548],[-86.5888,34.14714],[-86.59041,34.14635],[-86.59065,34.14537],[-86.58874,34.14231],[-86.58766,34.13738],[-86.58908,34.13617],[-86.5957,34.13514],[-86.59921,34.13311],[-86.60099,34.12907],[-86.6043,34.12518],[-86.60325,34.1231],[-86.59978,34.12172],[-86.59944,34.12011],[-86.60115,34.11904],[-86.60577,34.11825],[-86.60899,34.1147],[-86.61319,34.11359],[-86.61493,34.11482],[-86.61611,34.11796],[-86.621,34.12233],[-86.62291,34.1226],[-86.63976,34.11323],[-86.64027,34.11222],[-86.63844,34.10878],[-86.63947,34.10646],[-86.64165,34.10649],[-86.64503,34.10859],[-86.65277,34.10797],[-86.65462,34.1036],[-86.65452,34.09893],[-86.65669,34.09183],[-86.66875,34.08376],[-86.67029,34.0841],[-86.67072,34.08727],[-86.6729,34.08836],[-86.67613,34.08488],[-86.68199,34.08293],[-86.68532,34.0798],[-86.68682,34.07964],[-86.6877,34.08073],[-86.68775,34.08406],[-86.68878,34.08659],[-86.68765,34.0891],[-86.68778,34.09186],[-86.6883,34.0926],[-86.69239,34.09249],[-86.69543,34.08705],[-86.70322,34.08232],[-86.70456,34.08049],[-86.70055,34.07752],[-86.69326,34.06818],[-86.69151,34.06482],[-86.68513,34.05888],[-86.68419,34.05631],[-86.68471,34.05364],[-86.68702,34.052],[-86.6897,34.05302],[-86.69318,34.05657],[-86.69593,34.0579],[-86.69598,34.06156],[-86.69978,34.06103],[-86.70386,34.05864],[-86.70951,34.04747],[-86.70735,34.04379],[-86.70158,34.03982],[-86.70092,34.03762],[-86.7017,34.03556],[-86.70703,34.03005],[-86.70975,34.02905],[-86.71305,34.02987],[-86.71652,34.03247],[-86.7203,34.03235],[-86.725,34.02417],[-86.72477,34.02246],[-86.72292,34.01969],[-86.72362,34.0177],[-86.72847,34.01638],[-86.7424,34.00941],[-86.74402,34.00795],[-86.74411,34.00686],[-86.74012,34.00209],[-86.74154,33.99894],[-86.76127,33.9955],[-86.76137,33.99417],[-86.75884,33.99292],[-86.75732,33.9904],[-86.76254,33.98495],[-86.76268,33.97553],[-86.76458,33.97389],[-86.77465,33.97344],[-86.77642,33.97134],[-86.77624,33.97036],[-86.77123,33.96914],[-86.77075,33.96737],[-86.77164,33.96617],[-86.77351,33.96552],[-86.78277,33.96918],[-86.78542,33.96594],[-86.79175,33.96351],[-86.79296,33.96228],[-86.79263,33.96095],[-86.7882,33.95937],[-86.78771,33.9575],[-86.78983,33.95392],[-86.79297,33.95217],[-86.79708,33.95252],[-86.80254,33.95482],[-86.81098,33.95346],[-86.82094,33.9575],[-86.82316,33.95513],[-86.82407,33.95273],[-86.81842,33.94343],[-86.82044,33.94141],[-86.82767,33.94438],[-86.83524,33.95053],[-86.84262,33.94886],[-86.85532,33.93975],[-86.86,33.93514],[-86.86045,33.93435],[-86.85919,33.93049],[-86.8597,33.92907],[-86.8634,33.92953],[-86.86721,33.93233],[-86.87703,33.93632],[-86.88546,33.934],[-86.88622,33.93299],[-86.88417,33.92965],[-86.88322,33.92415],[-86.88374,33.92176],[-86.88654,33.91697],[-86.8974,33.91572],[-86.90848,33.91266],[-86.91588,33.9159],[-86.92542,33.90796],[-86.9274,33.89771],[-86.9211,33.89471],[-86.9199,33.88398],[-86.92435,33.87701],[-86.9202,33.87345],[-86.92028,33.87261],[-86.92514,33.87179],[-86.93199,33.86736],[-86.94212,33.86655],[-86.9455,33.86693],[-86.95182,33.87151],[-86.95281,33.86829],[-86.95106,33.86535],[-86.94785,33.86238],[-86.94776,33.86173],[-86.94887,33.86135],[-86.9506,33.86141],[-86.95649,33.86549],[-86.96211,33.86769],[-86.9633,33.86708],[-86.96056,33.86308],[-86.95931,33.85875],[-86.95975,33.85795],[-86.96336,33.85822],[-86.96296,33.84487],[-86.95431,33.84486],[-86.95366,33.8153],[-86.93654,33.81531],[-86.88395,33.84324],[-86.75914,33.84062],[-86.64529,33.77301],[-86.64787,33.77296],[-86.64777,33.7659],[-86.639,33.76583],[-86.63919,33.76938],[-86.63298,33.76572],[-86.5778,33.76532],[-86.57753,33.80198],[-86.56421,33.80194]]]},"properties":{"GEOID":"01009","BASENAME":"Blount","NAME":"Blount County"}},{"type":"Feature","geometry":{"type":"Polygon","coordinates":[[[-86.37497,32.75358],[-86.37112,32.75063],[-86.41333,32.75059],[-86.41234,32.50368],[-86.41117,32.40994],[-86.40746,32.41119],[-86.40058,32.41162],[-86.39686,32.41367],[-86.39591,32.41601],[-86.39613,32.41763],[-86.39972,32.42395],[-86.3995,32.42572],[-86.3984,32.42694],[-86.38638,32.42689],[-86.37491,32.42995],[-86.37307,32.42984],[-86.37277,32.43054],[-86.35677,32.43064],[-86.35353,32.43288],[-86.35034,32.43336],[-86.34447,32.43264],[-86.33807,32.42984],[-86.33051,32.4243],[-86.31863,32.41907],[-86.31607,32.41254],[-86.31505,32.41165],[-86.313,32.41109],[-86.31071,32.41172],[-86.30894,32.41334],[-86.30666,32.41902],[-86.31181,32.43021],[-86.31683,32.43695],[-86.32427,32.44044],[-86.3253,32.44245],[-86.32457,32.4446],[-86.3231,32.44589],[-86.31597,32.44963],[-86.3105,32.45978],[-86.30795,32.46714],[-86.30809,32.47472],[-86.30968,32.47907],[-86.31386,32.48506],[-86.31325,32.48897],[-86.31194,32.49012],[-86.30977,32.49033],[-86.30539,32.48877],[-86.29813,32.47679],[-86.2921,32.47316],[-86.28859,32.47261],[-86.28789,32.47345],[-86.2887,32.47584],[-86.28807,32.47696],[-86.28372,32.47981],[-86.27887,32.48564],[-86.27579,32.48623],[-86.27185,32.48414],[-86.26967,32.48383],[-86.26086,32.48719],[-86.25999,32.48871],[-86.26054,32.48981],[-86.26517,32.49186],[-86.26616,32.4938],[-86.26563,32.4954],[-86.26291,32.49737],[-86.26324,32.50085],[-86.26201,32.50169],[-86.25741,32.50013],[-86.24997,32.49943],[-86.24652,32.49541],[-86.24204,32.4958],[-86.23707,32.49498],[-86.23655,32.49306],[-86.23882,32.49064],[-86.23946,32.48864],[-86.23871,32.48711],[-86.23671,32.48597],[-86.23448,32.48644],[-86.23346,32.49],[-86.23174,32.49043],[-86.23003,32.48983],[-86.228,32.48647],[-86.22445,32.48429],[-86.22139,32.4802],[-86.22228,32.4788],[-86.22603,32.47879],[-86.22714,32.47789],[-86.2284,32.47318],[-86.22778,32.46972],[-86.22601,32.46838],[-86.22149,32.46814],[-86.21598,32.47411],[-86.21274,32.47418],[-86.21139,32.47256],[-86.21193,32.4696],[-86.21129,32.46635],[-86.2086,32.46218],[-86.20399,32.45725],[-86.20187,32.45228],[-86.20055,32.45104],[-86.19808,32.45138],[-86.19137,32.45643],[-86.18888,32.4563],[-86.18531,32.45086],[-86.18124,32.4486],[-86.1806,32.4475],[-86.1814,32.44627],[-86.18756,32.4431],[-86.19477,32.44087],[-86.19473,32.43876],[-86.19008,32.43247],[-86.18624,32.43277],[-86.18404,32.43378],[-86.17726,32.44044],[-86.17355,32.43983],[-86.17175,32.44038],[-86.16429,32.43853],[-86.15985,32.43467],[-86.15473,32.43492],[-86.1542,32.43349],[-86.15555,32.43032],[-86.15441,32.42666],[-86.15103,32.42464],[-86.14387,32.42632],[-86.13838,32.43015],[-86.1312,32.43077],[-86.1271,32.43373],[-86.12545,32.43405],[-86.1243,32.43293],[-86.12456,32.43143],[-86.13035,32.42334],[-86.12935,32.42202],[-86.12503,32.41979],[-86.12274,32.42057],[-86.12036,32.42357],[-86.11854,32.42415],[-86.11694,32.42265],[-86.11633,32.41703],[-86.11529,32.41599],[-86.11386,32.41577],[-86.10552,32.41876],[-86.09347,32.41876],[-86.08719,32.42181],[-86.08472,32.42028],[-86.08371,32.41821],[-86.07698,32.41192],[-86.0605,32.40825],[-86.05506,32.40808],[-86.04826,32.40604],[-86.0464,32.40615],[-86.04396,32.40787],[-86.04472,32.41309],[-86.04404,32.41598],[-86.03778,32.4214],[-86.03415,32.42272],[-86.0307,32.42281],[-86.02067,32.41954],[-86.01664,32.4208],[-86.00842,32.42835],[-86.00735,32.42869],[-85.99996,32.42697],[-85.99655,32.42757],[-85.99385,32.42904],[-85.99124,32.4319],[-85.99049,32.43529],[-85.99558,32.44248],[-85.99645,32.44577],[-85.99349,32.45151],[-85.99214,32.4525],[-85.99009,32.45247],[-85.98925,32.45127],[-85.99004,32.44754],[-85.98944,32.44562],[-85.98366,32.43939],[-85.97955,32.44087],[-85.9744,32.4457],[-85.97488,32.4468],[-85.97875,32.44846],[-85.98063,32.45054],[-85.97967,32.4529],[-85.97678,32.45402],[-85.97345,32.45345],[-85.96401,32.44956],[-85.96285,32.44854],[-85.96254,32.44569],[-85.96062,32.44207],[-85.95718,32.44076],[-85.95378,32.44112],[-85.94445,32.44429],[-85.9376,32.44982],[-85.92996,32.45428],[-85.9224,32.45184],[-85.90597,32.45016],[-85.90074,32.45041],[-85.89762,32.44958],[-85.89442,32.44758],[-85.88964,32.44752],[-85.88031,32.44936],[-85.8786,32.4506],[-85.87841,32.45186],[-85.88082,32.45277],[-85.88233,32.45441],[-85.87854,32.45908],[-85.87851,32.46416],[-85.87452,32.46904],[-85.87449,32.47292],[-85.86249,32.4764],[-85.85462,32.47485],[-85.85263,32.47575],[-85.85354,32.4789],[-85.85541,32.48038],[-85.86061,32.47945],[-85.8645,32.47966],[-85.87031,32.48147],[-85.87389,32.48363],[-85.87861,32.48836],[-85.88724,32.49391],[-85.88892,32.49604],[-85.89039,32.50013],[-85.89105,32.50425],[-85.89001,32.51218],[-85.89109,32.51692],[-85.89065,32.52175],[-85.88526,32.54543],[-85.89071,32.57034],[-85.88946,32.57473],[-85.89156,32.59003],[-85.89456,32.60313],[-85.89456,32.61473],[-85.88775,32.64761],[-85.8898,32.6517],[-85.89758,32.65685],[-85.901,32.66017],[-85.90588,32.66762],[-85.90696,32.67297],[-85.90939,32.67619],[-85.91171,32.67784],[-85.91161,32.68438],[-85.90747,32.6993],[-85.90366,32.70361],[-85.89864,32.70517],[-85.89444,32.70942],[-85.89127,32.71499],[-85.89061,32.71701],[-85.89375,32.72448],[-85.8934,32.72766],[-85.88186,32.73756],[-85.88035,32.73998],[-85.88025,32.74485],[-85.88206,32.75043],[-85.87986,32.75453],[-85.95486,32.75482],[-85.95556,32.76913],[-85.97276,32.76923],[-85.97216,32.75493],[-86.05125,32.75505],[-86.20659,32.75353],[-86.31948,32.7537],[-86.31916,32.76784],[-86.33561,32.76814],[-86.33669,32.76813],[-86.33687,32.76671],[-86.33677,32.75378],[-86.37497,32.75358]]]},"properties":{"GEOID":"01051","BASENAME":"Elmore","NAME":"Elmore County"}},{"type":"Feature","geometry":{"type":"Polygon","coordinates":[[[-87.36388,30.9979],[-87.27627,30.9983],[-87.25178,30.99791],[-87.23769,30.99639],[-87.14075,30.99953],[-87.12497,30.9988],[-87.11887,30.99943],[-87.04023,30.99955],[-86.92558,30.99768],[-86.74524,30.99629],[-86.73748,30.99677],[-86.72014,30.99633],[-86.70561,30.99449],[-86.68832,30.99451],[-86.68806,31.00018],[-86.70022,31.00042],[-86.70028,31.19222],[-86.70263,31.19397],[-86.70665,31.19485],[-86.70796,31.19313],[-86.70635,31.1912],[-86.70768,31.19032],[-86.71199,31.19163],[-86.7136,31.19038],[-86.72078,31.19116],[-86.72108,31.18951],[-86.7192,31.18909],[-86.71637,31.18539],[-86.72082,31.18338],[-86.72117,31.18511],[-86.7224,31.18551],[-86.72598,31.18383],[-86.72734,31.1865],[-86.72803,31.18466],[-86.72999,31.18561],[-86.736,31.18571],[-86.73719,31.18736],[-86.73526,31.1895],[-86.73266,31.18977],[-86.7334,31.19162],[-86.73737,31.19139],[-86.73831,31.19431],[-86.7414,31.19535],[-86.74367,31.19482],[-86.74767,31.19235],[-86.75117,31.19325],[-86.75721,31.19296],[-86.76075,31.18762],[-86.76351,31.18113],[-86.767,31.18277],[-86.7669,31.18363],[-86.76474,31.18457],[-86.7627,31.18698],[-86.76323,31.18815],[-86.762,31.19029],[-86.7622,31.19188],[-86.76583,31.19236],[-86.7629,31.19691],[-86.76351,31.19753],[-86.76797,31.19685],[-86.77252,31.20224],[-86.76522,31.20734],[-86.76589,31.20839],[-86.76912,31.2088],[-86.77259,31.21066],[-86.77116,31.21321],[-86.76491,31.21871],[-86.76357,31.22175],[-86.76454,31.22403],[-86.76892,31.22847],[-86.76905,31.23845],[-86.77019,31.2409],[-86.77281,31.24323],[-86.77109,31.2469],[-86.77226,31.25065],[-86.76665,31.25434],[-86.76525,31.26051],[-86.76396,31.26129],[-86.87505,31.26195],[-86.99997,31.26104],[-87.48921,31.26008],[-87.49199,31.25563],[-87.4982,31.25347],[-87.49889,31.25224],[-87.50572,31.25046],[-87.5073,31.24885],[-87.51799,31.2477],[-87.51893,31.24692],[-87.52301,31.24791],[-87.52594,31.24704],[-87.52605,31.24585],[-87.52749,31.24541],[-87.52973,31.24273],[-87.53376,31.2415],[-87.53603,31.23728],[-87.53899,31.23634],[-87.53963,31.23513],[-87.54155,31.2349],[-87.54395,31.23309],[-87.54582,31.23348],[-87.54561,31.23272],[-87.54883,31.23011],[-87.55403,31.22954],[-87.55899,31.22727],[-87.55977,31.22853],[-87.56163,31.22928],[-87.56353,31.22846],[-87.56374,31.22958],[-87.56548,31.22931],[-87.56828,31.23206],[-87.57089,31.23064],[-87.57441,31.23274],[-87.57734,31.23228],[-87.58052,31.23373],[-87.58126,31.23613],[-87.58508,31.23742],[-87.58655,31.23895],[-87.59506,31.24049],[-87.5994,31.24044],[-87.60026,31.24154],[-87.60215,31.24138],[-87.60295,31.24282],[-87.60535,31.24271],[-87.60874,31.24103],[-87.60877,31.24179],[-87.61253,31.24197],[-87.61589,31.24446],[-87.61543,30.99736],[-87.36388,30.9979]]]},"properties":{"GEOID":"01053","BASENAME":"Escambia","NAME":"Escambia County"}},{"type":"Feature","geometry":{"type":"Polygon","coordinates":[[[-86.11674,31.18388],[-86.11673,31.19302],[-85.99904,31.19578],[-85.7914,31.19635],[-85.79138,31.29169],[-85.78959,31.3727],[-85.79034,31.44377],[-85.78914,31.50017],[-85.78914,31.61796],[-85.99995,31.61931],[-86.14589,31.61774],[-86.14395,31.53767],[-86.15677,31.53753],[-86.15656,31.5302],[-86.19478,31.52995],[-86.19395,31.44007],[-86.19636,31.42543],[-86.19334,31.25017],[-86.194,31.21141],[-86.19348,31.19221],[-86.12548,31.19275],[-86.12541,31.18206],[-86.11674,31.1821],[-86.11674,31.18388]]]},"properties":{"GEOID":"01031","BASENAME":"Coffee","NAME":"Coffee County"}},{"type":"Feature","geometry":{"type":"Polygon","coordinates":[[[-86.90894,31.96167],[-86.90518,31.72708],[-86.90538,31.6979],[-86.90723,31.68499],[-86.90677,31.63267],[-86.90443,31.63029],[-86.90362,31.6271],[-86.9026,31.62728],[-86.90202,31.62516],[-86.90266,31.62368],[-86.90146,31.62154],[-86.89942,31.62065],[-86.89843,31.61746],[-86.89637,31.61811],[-86.89377,31.61616],[-86.89452,31.61458],[-86.89334,31.61361],[-86.89444,31.61105],[-86.89072,31.60724],[-86.89027,31.60534],[-86.89131,31.60415],[-86.88963,31.60163],[-86.88968,31.59966],[-86.88834,31.59876],[-86.88837,31.59718],[-86.88923,31.59665],[-86.88805,31.59448],[-86.88811,31.59221],[-86.88393,31.59062],[-86.88152,31.58748],[-86.88,31.58691],[-86.88075,31.58599],[-86.88,31.5843],[-86.88126,31.58393],[-86.88198,31.58242],[-86.87863,31.58019],[-86.87633,31.58024],[-86.87623,31.57857],[-86.87457,31.57799],[-86.8742,31.57474],[-86.87533,31.5735],[-86.87404,31.57302],[-86.87456,31.5721],[-86.8739,31.57098],[-86.87468,31.57009],[-86.87361,31.56894],[-86.87464,31.56695],[-86.87229,31.56631],[-86.87005,31.56759],[-86.86959,31.56583],[-86.8702,31.56443],[-86.86873,31.56312],[-86.86798,31.56046],[-86.86878,31.55932],[-86.86752,31.55829],[-86.86712,31.55532],[-86.86559,31.5536],[-86.86658,31.55302],[-86.86747,31.55368],[-86.86824,31.55274],[-86.86704,31.55255],[-86.86591,31.55033],[-86.86659,31.54963],[-86.86506,31.54906],[-86.86502,31.54806],[-86.86645,31.5466],[-86.86486,31.54612],[-86.86315,31.54385],[-86.86125,31.54422],[-86.85922,31.54307],[-86.85834,31.53943],[-86.85646,31.53973],[-86.85542,31.53838],[-86.85253,31.53721],[-86.85253,31.53627],[-86.84953,31.53492],[-86.84683,31.53602],[-86.84351,31.53565],[-86.84177,31.53112],[-86.84,31.52944],[-86.83939,31.5252],[-86.82067,31.5254],[-86.80351,31.52385],[-86.66989,31.52368],[-86.52668,31.52438],[-86.49921,31.52533],[-86.49935,31.55393],[-86.50375,31.55404],[-86.50395,31.5687],[-86.49925,31.56848],[-86.49953,31.65525],[-86.44864,31.65562],[-86.44839,31.68505],[-86.44598,31.70112],[-86.44625,31.75941],[-86.44188,31.75936],[-86.44194,31.7742],[-86.44629,31.77417],[-86.44641,31.83166],[-86.44228,31.83168],[-86.4423,31.83554],[-86.43834,31.83554],[-86.43836,31.84284],[-86.44263,31.84286],[-86.44278,31.84641],[-86.44662,31.84643],[-86.44778,31.87295],[-86.4482,31.96463],[-86.49221,31.9643],[-86.49996,31.96361],[-86.61361,31.96392],[-86.80122,31.9616],[-86.82468,31.96244],[-86.90894,31.96167]]]},"properties":{"GEOID":"01013","BASENAME":"Butler","NAME":"Butler County"}},{"type":"Feature","geometry":{"type":"Polygon","coordinates":[[[-86.70113,31.31566],[-86.70164,31.3375],[-86.70091,31.3375],[-86.69908,31.34057],[-86.69949,31.34263],[-86.70279,31.34539],[-86.69944,31.34808],[-86.69252,31.34748],[-86.69353,31.34938],[-86.68979,31.34879],[-86.68816,31.35009],[-86.68832,31.35155],[-86.68741,31.35279],[-86.68353,31.35275],[-86.68151,31.35458],[-86.68119,31.35586],[-86.68017,31.35611],[-86.68025,31.35696],[-86.67857,31.35781],[-86.68071,31.35863],[-86.67966,31.36037],[-86.68113,31.3623],[-86.67945,31.36168],[-86.67771,31.36345],[-86.67683,31.36209],[-86.67456,31.36242],[-86.67422,31.36361],[-86.67251,31.36374],[-86.66746,31.36901],[-86.66815,31.37517],[-86.67072,31.37587],[-86.66874,31.37747],[-86.66983,31.37894],[-86.67042,31.38249],[-86.67205,31.38417],[-86.67568,31.38563],[-86.67493,31.38701],[-86.67541,31.38946],[-86.67437,31.38978],[-86.6729,31.38829],[-86.67267,31.39049],[-86.66583,31.39207],[-86.66582,31.39948],[-86.66251,31.40145],[-86.66208,31.4028],[-86.66403,31.40376],[-86.66358,31.4053],[-86.66483,31.40603],[-86.66483,31.40695],[-86.66705,31.40796],[-86.66684,31.41022],[-86.66937,31.41518],[-86.66919,31.41632],[-86.66606,31.41657],[-86.66537,31.41877],[-86.6671,31.42123],[-86.67197,31.42329],[-86.6745,31.42941],[-86.6733,31.43289],[-86.67154,31.43248],[-86.67124,31.43401],[-86.67424,31.43546],[-86.67485,31.43656],[-86.70122,31.43664],[-86.70155,31.52395],[-86.80351,31.52385],[-86.82067,31.5254],[-86.83939,31.5252],[-86.84,31.52944],[-86.84177,31.53112],[-86.84351,31.53565],[-86.84683,31.53602],[-86.84953,31.53492],[-86.85253,31.53627],[-86.85253,31.53721],[-86.85542,31.53838],[-86.85646,31.53973],[-86.85834,31.53943],[-86.85922,31.54307],[-86.86125,31.54422],[-86.86315,31.54385],[-86.86486,31.54612],[-86.86645,31.5466],[-86.86502,31.54806],[-86.86506,31.54906],[-86.86659,31.54963],[-86.86591,31.55033],[-86.86704,31.55255],[-86.86824,31.55274],[-86.86747,31.55368],[-86.86658,31.55302],[-86.86559,31.5536],[-86.86712,31.55532],[-86.86752,31.55829],[-86.86878,31.55932],[-86.86798,31.56046],[-86.86873,31.56312],[-86.8702,31.56443],[-86.86959,31.56583],[-86.87005,31.56759],[-86.87229,31.56631],[-86.87464,31.56695],[-86.87361,31.56894],[-86.87468,31.57009],[-86.8739,31.57098],[-86.87456,31.5721],[-86.87404,31.57302],[-86.87533,31.5735],[-86.8742,31.57474],[-86.87457,31.57799],[-86.87623,31.57857],[-86.87633,31.58024],[-86.87863,31.58019],[-86.88198,31.58242],[-86.88126,31.58393],[-86.88,31.5843],[-86.88075,31.58599],[-86.88,31.58691],[-86.88152,31.58748],[-86.88393,31.59062],[-86.88811,31.59221],[-86.88805,31.59448],[-86.88923,31.59665],[-86.88837,31.59718],[-86.88834,31.59876],[-86.88968,31.59966],[-86.88963,31.60163],[-86.89131,31.60415],[-86.89027,31.60534],[-86.89072,31.60724],[-86.89444,31.61105],[-86.89334,31.61361],[-86.89452,31.61458],[-86.89377,31.61616],[-86.89637,31.61811],[-86.89843,31.61746],[-86.89942,31.62065],[-86.90146,31.62154],[-86.90266,31.62368],[-86.90202,31.62516],[-86.9026,31.62728],[-86.90362,31.6271],[-86.90443,31.63029],[-86.90677,31.63267],[-86.90723,31.68499],[-86.90525,31.70337],[-86.90589,31.75302],[-86.91104,31.7528],[-86.91798,31.74928],[-86.92248,31.74893],[-86.92875,31.74684],[-86.9339,31.74616],[-86.93787,31.74341],[-86.9473,31.73937],[-86.94872,31.73488],[-86.95421,31.7347],[-86.95535,31.73258],[-86.95705,31.7316],[-86.96133,31.73048],[-86.96825,31.73028],[-86.97739,31.72749],[-86.98028,31.72587],[-86.98284,31.72219],[-86.98932,31.71856],[-86.9953,31.7197],[-87.00447,31.71486],[-87.01235,31.71344],[-87.01943,31.71421],[-87.02445,31.71255],[-87.04435,31.71644],[-87.0489,31.71932],[-87.05079,31.71859],[-87.05629,31.71005],[-87.05982,31.70684],[-87.06104,31.70446],[-87.0615,31.69178],[-87.05896,31.6861],[-87.05852,31.68229],[-87.05597,31.67738],[-87.05948,31.67404],[-87.06456,31.66987],[-87.07048,31.66964],[-87.07801,31.66658],[-87.08374,31.65811],[-87.08993,31.65258],[-87.10682,31.65154],[-87.11382,31.64916],[-87.12205,31.6438],[-87.12832,31.64405],[-87.13565,31.64198],[-87.13957,31.62478],[-87.13731,31.61315],[-87.14054,31.60832],[-87.14106,31.60096],[-87.144,31.58921],[-87.14513,31.58717],[-87.1533,31.57867],[-87.15698,31.57085],[-87.16084,31.55908],[-87.15977,31.54889],[-87.16322,31.54512],[-87.16535,31.54413],[-87.16773,31.5348],[-87.16775,31.53191],[-87.16523,31.52335],[-87.16533,31.52157],[-87.18221,31.4981],[-87.18799,31.48794],[-87.19128,31.4852],[-87.19345,31.48466],[-87.1949,31.48185],[-87.19724,31.47963],[-87.19795,31.47776],[-87.19722,31.47237],[-87.20242,31.46604],[-87.20593,31.45903],[-87.20855,31.45729],[-87.22242,31.45546],[-87.22999,31.45342],[-87.23407,31.44788],[-87.23874,31.44495],[-87.24383,31.43869],[-87.25551,31.42948],[-87.26856,31.42068],[-87.27058,31.41822],[-87.27194,31.41376],[-87.27431,31.41099],[-87.28461,31.40835],[-87.29672,31.40128],[-87.30252,31.39342],[-87.30644,31.39013],[-87.30956,31.3841],[-87.3184,31.3782],[-87.32484,31.36544],[-87.33218,31.35525],[-87.33827,31.3518],[-87.3442,31.3518],[-87.34607,31.35049],[-87.34801,31.3404],[-87.35539,31.33068],[-87.35976,31.31775],[-87.36564,31.31539],[-87.36927,31.31503],[-87.37084,31.31347],[-87.38414,31.30602],[-87.38775,31.30254],[-87.39354,31.30072],[-87.39583,31.29909],[-87.40122,31.29408],[-87.40394,31.28937],[-87.41791,31.27957],[-87.4208,31.27652],[-87.42618,31.26689],[-87.42747,31.26338],[-87.42746,31.26039],[-86.99997,31.26104],[-86.8432,31.262],[-86.76396,31.26129],[-86.76525,31.26051],[-86.76665,31.25434],[-86.77226,31.25065],[-86.77109,31.2469],[-86.77281,31.24323],[-86.77019,31.2409],[-86.76905,31.23845],[-86.76892,31.22847],[-86.76454,31.22403],[-86.76357,31.22175],[-86.76491,31.21871],[-86.77116,31.21321],[-86.77259,31.21066],[-86.76912,31.2088],[-86.76589,31.20839],[-86.76522,31.20734],[-86.77252,31.20224],[-86.76797,31.19685],[-86.76351,31.19753],[-86.7629,31.19691],[-86.76583,31.19236],[-86.7622,31.19188],[-86.762,31.19029],[-86.76323,31.18815],[-86.7627,31.18698],[-86.76715,31.18304],[-86.76351,31.18113],[-86.76075,31.18762],[-86.75721,31.19296],[-86.75117,31.19325],[-86.74767,31.19235],[-86.74367,31.19482],[-86.7414,31.19535],[-86.73831,31.19431],[-86.73737,31.19139],[-86.7334,31.19162],[-86.73266,31.18977],[-86.73526,31.1895],[-86.73719,31.18736],[-86.736,31.18571],[-86.72999,31.18561],[-86.72803,31.18466],[-86.72734,31.1865],[-86.72598,31.18383],[-86.7224,31.18551],[-86.72117,31.18511],[-86.72082,31.18338],[-86.71637,31.18539],[-86.7192,31.18909],[-86.72108,31.18951],[-86.72078,31.19116],[-86.7136,31.19038],[-86.71199,31.19163],[-86.70768,31.19032],[-86.70635,31.1912],[-86.70796,31.19313],[-86.70665,31.19485],[-86.70263,31.19397],[-86.70028,31.19222],[-86.70113,31.31566]]]},"properties":{"GEOID":"01035","BASENAME":"Conecuh","NAME":"Conecuh County"}},{"type":"Feature","geometry":{"type":"MultiPolygon","coordinates":[[[[-86.14981,34.53363],[-86.13985,34.5333],[-86.14776,34.5209],[-86.1459,34.52],[-86.13062,34.5293],[-86.13001,34.53258],[-86.12772,34.53385],[-86.12582,34.53253],[-86.12354,34.52741],[-86.11957,34.52447],[-86.11784,34.525],[-86.11651,34.52737],[-86.11374,34.52936],[-86.11142,34.52952],[-86.10977,34.52858],[-86.10824,34.52657],[-86.11054,34.5249],[-86.11117,34.52207],[-86.10904,34.51989],[-86.10431,34.51877],[-86.10018,34.52141],[-86.09785,34.5217],[-86.09488,34.51963],[-86.09496,34.51908],[-86.09743,34.5189],[-86.09995,34.51535],[-86.09844,34.51564],[-86.09567,34.51348],[-86.09715,34.51397],[-86.09842,34.51172],[-86.10304,34.51047],[-86.10099,34.50872],[-86.10266,34.50863],[-86.10464,34.50686],[-86.09986,34.50422],[-86.09986,34.50231],[-86.0981,34.49924],[-86.10021,34.4972],[-86.09756,34.49396],[-86.09569,34.48796],[-86.08773,34.48178],[-86.08747,34.47805],[-86.08981,34.47078],[-86.08965,34.46832],[-86.08341,34.46457],[-86.07867,34.46622],[-86.07436,34.4667],[-86.06997,34.47077],[-86.06483,34.47214],[-86.05761,34.47601],[-86.05378,34.47519],[-86.04731,34.47668],[-86.04156,34.47588],[-86.03944,34.47692],[-86.03703,34.4742],[-86.03485,34.47342],[-86.02602,34.4755],[-86.02139,34.48174],[-86.01633,34.48175],[-86.0118,34.4805],[-86.00682,34.48129],[-86.00384,34.48003],[-85.99525,34.48434],[-85.99218,34.484],[-85.98928,34.48686],[-85.98566,34.48606],[-85.98425,34.48652],[-85.98375,34.48707],[-85.98475,34.49012],[-85.98419,34.49094],[-85.97648,34.49154],[-85.97081,34.49685],[-85.96234,34.49975],[-85.95698,34.50614],[-85.95694,34.50712],[-85.93854,34.52535],[-85.78547,34.62458],[-85.76192,34.65366],[-85.69304,34.74425],[-85.67338,34.74491],[-85.6602,34.75496],[-85.64787,34.77638],[-85.64177,34.78447],[-85.63447,34.79808],[-85.63416,34.81296],[-85.62689,34.83212],[-85.6179,34.83397],[-85.61882,34.8351],[-85.61685,34.83578],[-85.61324,34.83993],[-85.60766,34.84151],[-85.60096,34.84696],[-85.60152,34.84868],[-85.60294,34.84976],[-85.60216,34.85136],[-85.59819,34.85262],[-85.5973,34.85358],[-85.59344,34.85436],[-85.59011,34.8575],[-85.58844,34.85803],[-85.58869,34.85904],[-85.58802,34.8594],[-85.58315,34.86037],[-85.59697,34.93377],[-85.60517,34.98468],[-85.82402,34.98813],[-86.31127,34.9911],[-86.3088,34.9849],[-86.30896,34.98217],[-86.30918,34.98024],[-86.31274,34.97549],[-86.31031,34.97455],[-86.30689,34.97529],[-86.3052,34.97205],[-86.30254,34.97085],[-86.30112,34.97166],[-86.29972,34.96907],[-86.29716,34.96873],[-86.29518,34.96716],[-86.28937,34.96863],[-86.28783,34.96679],[-86.28927,34.96519],[-86.28705,34.95774],[-86.28227,34.95568],[-86.27982,34.95327],[-86.27468,34.95355],[-86.26738,34.94702],[-86.25918,34.94537],[-86.25958,34.94277],[-86.25697,34.93777],[-86.25912,34.9362],[-86.25766,34.9316],[-86.25656,34.93109],[-86.25577,34.92923],[-86.25694,34.92648],[-86.26173,34.92525],[-86.26338,34.92278],[-86.26597,34.92242],[-86.27224,34.9241],[-86.27344,34.92552],[-86.27292,34.92768],[-86.27373,34.92832],[-86.27348,34.92976],[-86.27667,34.93027],[-86.27965,34.9339],[-86.28009,34.93925],[-86.28172,34.93846],[-86.28856,34.93962],[-86.2901,34.94166],[-86.29048,34.9438],[-86.29326,34.94504],[-86.29602,34.94478],[-86.29733,34.94349],[-86.30047,34.94284],[-86.304,34.94075],[-86.30514,34.93854],[-86.31104,34.9347],[-86.31576,34.93787],[-86.31737,34.93698],[-86.31782,34.93555],[-86.31984,34.93648],[-86.32624,34.9371],[-86.32666,34.93661],[-86.32416,34.93227],[-86.32439,34.93032],[-86.32333,34.93007],[-86.32337,34.92912],[-86.32217,34.92825],[-86.32236,34.92583],[-86.31904,34.9238],[-86.31879,34.92274],[-86.31572,34.9225],[-86.3142,34.91814],[-86.31131,34.91479],[-86.31139,34.91195],[-86.31363,34.91038],[-86.31435,34.90817],[-86.31882,34.90213],[-86.32278,34.90121],[-86.32943,34.9014],[-86.33123,34.89877],[-86.33519,34.89612],[-86.33872,34.89466],[-86.3416,34.89477],[-86.34037,34.893],[-86.34048,34.89032],[-86.33894,34.88829],[-86.34008,34.88685],[-86.33984,34.88501],[-86.34164,34.88378],[-86.34322,34.88125],[-86.34324,34.87978],[-86.34604,34.87794],[-86.34672,34.87609],[-86.34998,34.87531],[-86.3513,34.87366],[-86.34519,34.86761],[-86.34632,34.86522],[-86.34597,34.85984],[-86.34697,34.85769],[-86.34489,34.85495],[-86.34227,34.85529],[-86.33935,34.8519],[-86.33699,34.85144],[-86.3349,34.84789],[-86.33443,34.84496],[-86.33546,34.84402],[-86.33626,34.83867],[-86.33798,34.83722],[-86.33832,34.83585],[-86.33594,34.83571],[-86.33121,34.83254],[-86.32873,34.83243],[-86.32655,34.83132],[-86.32649,34.83026],[-86.33051,34.82799],[-86.33259,34.82497],[-86.3351,34.82319],[-86.33427,34.82087],[-86.33541,34.8205],[-86.33602,34.81864],[-86.33871,34.81759],[-86.34023,34.818],[-86.3434,34.81723],[-86.34323,34.81427],[-86.34481,34.81256],[-86.34436,34.80647],[-86.3461,34.80427],[-86.34395,34.80146],[-86.34131,34.80055],[-86.34119,34.79766],[-86.34221,34.79678],[-86.33993,34.79434],[-86.33819,34.79355],[-86.33617,34.79466],[-86.33496,34.79348],[-86.33506,34.79036],[-86.33401,34.78838],[-86.33476,34.78754],[-86.33816,34.78732],[-86.33893,34.7852],[-86.34078,34.78372],[-86.34175,34.78086],[-86.34195,34.77178],[-86.34073,34.77017],[-86.34044,34.76802],[-86.33949,34.76741],[-86.33974,34.76543],[-86.33785,34.76304],[-86.33802,34.7589],[-86.33958,34.75602],[-86.33971,34.7532],[-86.34287,34.75009],[-86.34237,34.74812],[-86.3434,34.74628],[-86.34225,34.74431],[-86.34533,34.7435],[-86.34821,34.74063],[-86.35226,34.73908],[-86.35812,34.73503],[-86.35903,34.63261],[-86.32581,34.60961],[-86.33051,34.60829],[-86.33162,34.60541],[-86.3309,34.6027],[-86.32685,34.5994],[-86.25408,34.60014],[-86.14846,34.59907],[-86.14943,34.54975],[-86.15508,34.5502],[-86.14327,34.54117],[-86.14413,34.53426],[-86.1498,34.53479],[-86.14981,34.53363]]],[[[-86.15427,34.53027],[-86.14979,34.53015],[-86.14981,34.53363],[-86.15423,34.53378],[-86.15427,34.53027]]]]},"properties":{"GEOID":"01071","BASENAME":"Jackson","NAME":"Jackson County"}},{"type":"Feature","geometry":{"type":"Polygon","coordinates":[[[-88.20732,32.92478],[-88.2072,32.92272],[-88.2048,32.91803],[-88.2033,32.91682],[-88.2003,32.91477],[-88.19106,32.912],[-88.18975,32.91073],[-88.18319,32.89315],[-88.18309,32.87842],[-88.18084,32.87272],[-88.1716,32.8675],[-88.16567,32.86069],[-88.1579,32.86084],[-88.15571,32.85898],[-88.15481,32.85582],[-88.15497,32.85287],[-88.15854,32.84579],[-88.16708,32.83762],[-88.17141,32.83719],[-88.17805,32.83814],[-88.18154,32.83609],[-88.18179,32.83408],[-88.17834,32.82853],[-88.17076,32.82733],[-88.16126,32.82992],[-88.1563,32.82477],[-88.14946,32.82399],[-88.14728,32.82487],[-88.14457,32.83093],[-88.14325,32.83186],[-88.1374,32.8342],[-88.13507,32.83377],[-88.13268,32.83285],[-88.12889,32.82902],[-88.12502,32.82391],[-88.1211,32.81559],[-88.11776,32.81198],[-88.10967,32.80592],[-88.10541,32.79841],[-88.10375,32.79691],[-88.10093,32.7957],[-88.09869,32.79588],[-88.07918,32.80449],[-88.07481,32.80536],[-88.07353,32.8049],[-88.06804,32.79805],[-88.06447,32.79219],[-88.06431,32.78918],[-88.06699,32.78449],[-88.07107,32.78188],[-88.07588,32.77451],[-88.07777,32.77332],[-88.07934,32.77295],[-88.08344,32.77441],[-88.08762,32.7777],[-88.10022,32.78016],[-88.10298,32.77943],[-88.10494,32.77777],[-88.10881,32.77266],[-88.10989,32.76923],[-88.10916,32.76541],[-88.10669,32.75959],[-88.10679,32.75013],[-88.10334,32.7427],[-88.09973,32.73758],[-88.08958,32.73129],[-88.08378,32.72465],[-88.08149,32.72056],[-88.08458,32.71402],[-88.08538,32.70905],[-88.08785,32.70738],[-88.09668,32.70361],[-88.10334,32.70184],[-88.10979,32.70229],[-88.11475,32.70169],[-88.11586,32.70104],[-88.11676,32.69853],[-88.11463,32.69495],[-88.11009,32.69076],[-88.0933,32.6838],[-88.08064,32.68366],[-88.07033,32.68655],[-88.05874,32.69135],[-88.05365,32.69736],[-88.04509,32.69387],[-88.04094,32.69028],[-88.0409,32.68767],[-88.04351,32.68501],[-88.05209,32.6797],[-88.05799,32.67438],[-88.05822,32.67046],[-88.05347,32.66333],[-88.05266,32.66077],[-88.055,32.64648],[-88.05619,32.64408],[-88.0597,32.64138],[-88.06248,32.64056],[-88.07173,32.64202],[-88.07703,32.64077],[-88.07943,32.63746],[-88.08114,32.62837],[-88.08082,32.62273],[-88.07916,32.61968],[-88.06272,32.60428],[-88.05909,32.5956],[-88.05733,32.59344],[-88.05373,32.59305],[-88.04296,32.59695],[-88.03451,32.59881],[-88.01144,32.60035],[-87.98016,32.60969],[-87.977,32.61078],[-87.96896,32.61665],[-87.94881,32.62624],[-87.94615,32.62694],[-87.93974,32.62653],[-87.93078,32.63205],[-87.92729,32.63226],[-87.92226,32.63124],[-87.91674,32.62855],[-87.90784,32.6206],[-87.90619,32.61556],[-87.90484,32.61458],[-87.88779,32.61767],[-87.87895,32.62205],[-87.85812,32.62079],[-87.85551,32.61846],[-87.853,32.61402],[-87.84989,32.61217],[-87.84395,32.61028],[-87.84089,32.60576],[-87.8411,32.60386],[-87.84378,32.60091],[-87.85135,32.59843],[-87.85541,32.5901],[-87.85875,32.58978],[-87.8638,32.5957],[-87.86464,32.59839],[-87.86221,32.60564],[-87.86249,32.60707],[-87.86676,32.60878],[-87.87501,32.60973],[-87.88263,32.60972],[-87.88819,32.60419],[-87.89577,32.60238],[-87.89859,32.5988],[-87.89836,32.59232],[-87.88774,32.58608],[-87.88,32.57889],[-87.87501,32.57182],[-87.87368,32.56743],[-87.87402,32.56188],[-87.87273,32.55548],[-87.87437,32.55047],[-87.87445,32.5457],[-87.86442,32.53431],[-87.86242,32.53274],[-87.85961,32.53209],[-87.85342,32.53209],[-87.85222,32.53656],[-87.84456,32.54704],[-87.83794,32.54557],[-87.82779,32.54521],[-87.82335,32.54427],[-87.81652,32.53705],[-87.82259,32.53298],[-87.8234,32.53159],[-87.82391,32.52872],[-87.82338,32.52044],[-87.81741,32.51773],[-87.81601,32.51852],[-87.8108,32.5268],[-87.80162,32.5342],[-87.79818,32.54053],[-87.79778,32.54371],[-87.79928,32.55412],[-87.80096,32.55889],[-87.79877,32.56347],[-87.79678,32.56456],[-87.79439,32.56408],[-87.79066,32.5597],[-87.7889,32.56034],[-87.78711,32.56375],[-87.78627,32.56742],[-87.78751,32.57688],[-87.78728,32.5829],[-87.78398,32.5852],[-87.78126,32.58538],[-87.77153,32.58127],[-87.77,32.57898],[-87.77102,32.57243],[-87.77028,32.56956],[-87.76771,32.56768],[-87.76562,32.56793],[-87.76159,32.57086],[-87.75803,32.5787],[-87.75579,32.58181],[-87.74645,32.58652],[-87.73692,32.58874],[-87.73693,32.58969],[-87.7436,32.59764],[-87.74817,32.60909],[-87.74872,32.61282],[-87.75001,32.61394],[-87.75413,32.61445],[-87.76015,32.61362],[-87.76881,32.60964],[-87.77679,32.60799],[-87.78327,32.60523],[-87.78562,32.60527],[-87.79844,32.61045],[-87.80675,32.61929],[-87.80827,32.62602],[-87.81274,32.63146],[-87.8134,32.63388],[-87.80943,32.63845],[-87.79255,32.63736],[-87.77491,32.6418],[-87.76923,32.63982],[-87.7629,32.6364],[-87.75373,32.63334],[-87.75001,32.63745],[-87.74539,32.64491],[-87.74316,32.65174],[-87.74483,32.65595],[-87.75001,32.65941],[-87.75281,32.65905],[-87.75584,32.65541],[-87.75958,32.65265],[-87.76761,32.64982],[-87.77855,32.65146],[-87.78766,32.65416],[-87.79151,32.65849],[-87.79392,32.66613],[-87.79256,32.66936],[-87.78825,32.67285],[-87.78689,32.67502],[-87.78578,32.67888],[-87.78606,32.68101],[-87.78657,32.68248],[-87.79319,32.6891],[-87.79543,32.69425],[-87.7964,32.70086],[-87.79313,32.70771],[-87.79604,32.71563],[-87.79859,32.71621],[-87.80704,32.71379],[-87.8099,32.71196],[-87.81467,32.70663],[-87.82417,32.70676],[-87.83077,32.71286],[-87.8317,32.71731],[-87.83127,32.72028],[-87.82977,32.72525],[-87.82602,32.73104],[-87.82387,32.73245],[-87.8183,32.73394],[-87.80954,32.73304],[-87.80741,32.73381],[-87.80407,32.74483],[-87.80726,32.75131],[-87.82318,32.7659],[-87.83021,32.76958],[-87.8352,32.76905],[-87.83561,32.7671],[-87.83398,32.76118],[-87.83602,32.75982],[-87.8523,32.75931],[-87.8603,32.75672],[-87.87021,32.76143],[-87.87046,32.76244],[-87.86713,32.76756],[-87.86629,32.77251],[-87.86545,32.77349],[-87.85545,32.77219],[-87.85246,32.77247],[-87.84572,32.77775],[-87.83933,32.77977],[-87.83611,32.78309],[-87.83168,32.79071],[-87.82923,32.79224],[-87.82327,32.79362],[-87.82045,32.79545],[-87.8185,32.79917],[-87.81914,32.80583],[-87.81736,32.80737],[-87.81285,32.80873],[-87.81318,32.81018],[-87.81778,32.81576],[-87.81514,32.82273],[-87.82043,32.82686],[-87.81777,32.83046],[-87.81692,32.83381],[-87.81986,32.83639],[-87.83175,32.8405],[-87.83307,32.84282],[-87.83184,32.84674],[-87.83024,32.8482],[-87.82802,32.84877],[-87.82207,32.84787],[-87.82046,32.84838],[-87.82003,32.84977],[-87.8216,32.85248],[-87.82953,32.85351],[-87.8312,32.85448],[-87.83271,32.85758],[-87.83244,32.86433],[-87.83021,32.86508],[-87.82314,32.86401],[-87.82014,32.86494],[-87.81991,32.86636],[-87.82168,32.87139],[-87.82213,32.88052],[-87.82156,32.88128],[-87.81664,32.88093],[-87.81175,32.87723],[-87.81042,32.87926],[-87.81028,32.88381],[-87.81093,32.88478],[-87.81864,32.88857],[-87.8187,32.89113],[-87.81756,32.89211],[-87.8156,32.89193],[-87.81276,32.8883],[-87.81,32.88709],[-87.80686,32.8871],[-87.80524,32.88943],[-87.80662,32.89417],[-87.80502,32.89742],[-87.79963,32.89489],[-87.7927,32.89846],[-87.78877,32.89598],[-87.78464,32.89476],[-87.7814,32.89659],[-87.78051,32.89977],[-87.77861,32.90191],[-87.7753,32.90292],[-87.77358,32.90265],[-87.77134,32.89954],[-87.76898,32.8985],[-87.76504,32.90508],[-87.76023,32.90603],[-87.76017,32.9074],[-87.76698,32.91213],[-87.77008,32.91765],[-87.77502,32.92002],[-87.77547,32.92144],[-87.77473,32.92742],[-87.77263,32.9279],[-87.77011,32.92683],[-87.76788,32.92426],[-87.76619,32.92363],[-87.76536,32.92438],[-87.76403,32.93203],[-87.75847,32.93521],[-87.75729,32.93448],[-87.75738,32.93207],[-87.75528,32.92817],[-87.75098,32.92887],[-87.75013,32.92978],[-87.75055,32.93141],[-87.75566,32.93369],[-87.75779,32.93516],[-87.75779,32.9361],[-87.75578,32.93685],[-87.75111,32.93524],[-87.74765,32.93504],[-87.74142,32.93586],[-87.73475,32.94244],[-87.72994,32.94926],[-87.73102,32.95142],[-87.7348,32.95258],[-87.74083,32.95132],[-87.74611,32.94881],[-87.74844,32.94984],[-87.74918,32.95224],[-87.74871,32.95391],[-87.74137,32.9571],[-87.7385,32.95956],[-87.73947,32.96073],[-87.74485,32.96306],[-87.7471,32.96558],[-87.7475,32.96867],[-87.74667,32.97306],[-87.7474,32.97466],[-87.75037,32.97653],[-87.75036,32.97807],[-87.74877,32.97893],[-87.74111,32.97868],[-87.73755,32.97505],[-87.73533,32.97457],[-87.73294,32.97908],[-87.72725,32.98628],[-87.71492,32.98558],[-87.71249,32.98601],[-87.70902,32.98814],[-87.70686,32.99144],[-87.70633,32.9963],[-87.71304,33.00099],[-87.71603,33.00791],[-87.71595,33.00949],[-87.71433,33.01228],[-87.71441,33.01392],[-87.71185,33.01576],[-87.711,33.01772],[-87.83223,33.01726],[-87.83146,33.09386],[-87.83899,33.09396],[-87.83752,33.15364],[-87.83852,33.15219],[-87.83986,33.15187],[-87.83964,33.1502],[-87.84165,33.15091],[-87.84266,33.14921],[-87.84462,33.14898],[-87.84601,33.14768],[-87.85208,33.14651],[-87.852,33.14392],[-87.85385,33.14396],[-87.8538,33.14243],[-87.85641,33.14018],[-87.85875,33.1416],[-87.86025,33.14135],[-87.8599,33.14249],[-87.86107,33.14291],[-87.86104,33.1441],[-87.86376,33.14307],[-87.86483,33.14343],[-87.86499,33.14176],[-87.86749,33.14029],[-87.86994,33.14091],[-87.87019,33.13969],[-87.8719,33.14033],[-87.87201,33.1393],[-87.87456,33.1393],[-87.87502,33.13834],[-87.8766,33.13926],[-87.87785,33.13729],[-87.8799,33.13718],[-87.88118,33.13569],[-87.8839,33.13571],[-87.88311,33.13363],[-87.8851,33.13179],[-87.88859,33.13251],[-87.89028,33.12983],[-87.8924,33.13012],[-87.8909,33.13106],[-87.89161,33.13148],[-87.89711,33.1299],[-87.89915,33.12839],[-87.90245,33.12814],[-87.90209,33.12694],[-87.90367,33.12683],[-87.90337,33.12549],[-87.90561,33.12442],[-87.90477,33.12314],[-87.90675,33.12261],[-87.90613,33.12135],[-87.90893,33.1214],[-87.90858,33.12289],[-87.90953,33.12369],[-87.91062,33.12337],[-87.91068,33.12165],[-87.91166,33.12156],[-87.91244,33.12211],[-87.91217,33.12353],[-87.91307,33.12353],[-87.91778,33.12147],[-87.91816,33.12037],[-87.92094,33.12113],[-87.92159,33.1195],[-87.92293,33.11877],[-87.92263,33.11732],[-87.92342,33.11705],[-87.92426,33.11751],[-87.92369,33.1203],[-87.92576,33.11858],[-87.92668,33.1214],[-87.92867,33.11668],[-87.93099,33.11629],[-87.93085,33.11554],[-87.93335,33.11318],[-87.93401,33.11361],[-87.93365,33.11556],[-87.93491,33.11513],[-87.93553,33.11375],[-87.93703,33.11343],[-87.93812,33.11345],[-87.93831,33.11467],[-87.93951,33.11327],[-87.93981,33.11134],[-87.94119,33.11226],[-87.94253,33.11148],[-87.94098,33.10999],[-87.94204,33.10935],[-87.94334,33.10972],[-87.94277,33.10784],[-87.94405,33.10784],[-87.94408,33.10892],[-87.94691,33.10814],[-87.94748,33.10621],[-87.95034,33.10344],[-87.95064,33.09838],[-87.95298,33.09636],[-87.95447,33.09116],[-87.95744,33.09169],[-87.95717,33.09006],[-87.95839,33.08887],[-87.9576,33.08827],[-87.95782,33.08683],[-87.96109,33.08811],[-87.96264,33.08591],[-87.96378,33.08688],[-87.96345,33.08538],[-87.96473,33.08513],[-87.96514,33.0841],[-87.96696,33.0841],[-87.96617,33.08227],[-87.96824,33.0816],[-87.96748,33.08062],[-87.96849,33.07993],[-87.9678,33.07892],[-87.96949,33.07901],[-87.96827,33.07817],[-87.96884,33.07764],[-87.9754,33.07832],[-87.97757,33.07775],[-87.97806,33.07949],[-87.9807,33.08098],[-87.98149,33.08061],[-87.98108,33.07821],[-87.98288,33.07789],[-87.98378,33.07892],[-87.98429,33.07667],[-87.98541,33.07839],[-87.98598,33.07821],[-87.98903,33.0753],[-87.9887,33.07463],[-87.98973,33.07427],[-87.99001,33.07287],[-87.99618,33.07346],[-87.99613,33.07135],[-87.99849,33.07147],[-88.00002,33.0705],[-88.00114,33.07261],[-88.00252,33.07268],[-88.00353,33.0717],[-88.00435,33.07268],[-88.00407,33.07365],[-88.00603,33.07181],[-88.00756,33.072],[-88.00759,33.07065],[-88.00935,33.07042],[-88.01139,33.07129],[-88.01216,33.07051],[-88.01115,33.06959],[-88.01316,33.06973],[-88.01317,33.06737],[-88.01504,33.06806],[-88.0157,33.06714],[-88.01746,33.06753],[-88.01855,33.06639],[-88.02114,33.06678],[-88.01983,33.06437],[-88.02348,33.06545],[-88.02508,33.06408],[-88.02672,33.06433],[-88.02751,33.06303],[-88.02884,33.06291],[-88.02846,33.06115],[-88.03134,33.06158],[-88.03091,33.05842],[-88.02745,33.05695],[-88.02732,33.05595],[-88.02912,33.054],[-88.0323,33.05288],[-88.03295,33.05297],[-88.03369,33.05567],[-88.03602,33.05595],[-88.03562,33.05771],[-88.03934,33.05897],[-88.03894,33.05272],[-88.03423,33.04603],[-88.03401,33.04715],[-88.03298,33.04736],[-88.03138,33.04254],[-88.0338,33.04229],[-88.03383,33.04089],[-88.04019,33.04085],[-88.04136,33.04145],[-88.04152,33.03771],[-88.04498,33.0379],[-88.04664,33.03668],[-88.04574,33.03547],[-88.04286,33.03411],[-88.04343,33.03263],[-88.04563,33.03423],[-88.04938,33.03911],[-88.05112,33.03888],[-88.05289,33.03705],[-88.05706,33.03971],[-88.05882,33.04307],[-88.06451,33.04811],[-88.065,33.05134],[-88.07033,33.05073],[-88.07487,33.05276],[-88.07811,33.05254],[-88.08018,33.04869],[-88.07958,33.04745],[-88.07814,33.04713],[-88.07427,33.04926],[-88.07378,33.04417],[-88.07618,33.04268],[-88.0805,33.04218],[-88.08173,33.04294],[-88.08213,33.04575],[-88.08404,33.04562],[-88.08496,33.04408],[-88.08513,33.04149],[-88.08083,33.04007],[-88.07985,33.03863],[-88.08066,33.03755],[-88.08499,33.03606],[-88.09051,33.03911],[-88.09546,33.0356],[-88.09913,33.03574],[-88.10397,33.03739],[-88.10628,33.03585],[-88.10557,33.03347],[-88.10775,33.03363],[-88.10903,33.03713],[-88.1126,33.03913],[-88.11521,33.0418],[-88.11692,33.04228],[-88.12633,33.04047],[-88.12698,33.03963],[-88.1263,33.03834],[-88.13047,33.03649],[-88.13558,33.03656],[-88.13732,33.03752],[-88.13792,33.04075],[-88.13985,33.04007],[-88.14091,33.04124],[-88.14281,33.04055],[-88.14322,33.03594],[-88.14426,33.0361],[-88.14608,33.03874],[-88.14877,33.03776],[-88.15018,33.03643],[-88.15021,33.03533],[-88.14706,33.03331],[-88.14687,33.02985],[-88.14355,33.02804],[-88.14263,33.02674],[-88.14293,33.02536],[-88.14657,33.02438],[-88.14946,33.02202],[-88.15364,33.02074],[-88.15495,33.01959],[-88.15808,33.0212],[-88.15903,33.01891],[-88.16319,33.01946],[-88.16354,33.01717],[-88.16286,33.01574],[-88.1673,33.01275],[-88.16784,33.01075],[-88.17176,33.00867],[-88.16977,33.00729],[-88.17051,33.00454],[-88.17223,33.00322],[-88.17253,33.00013],[-88.17147,32.99194],[-88.17242,32.98763],[-88.16865,32.98108],[-88.16849,32.97213],[-88.1648,32.96874],[-88.15735,32.96458],[-88.15806,32.96091],[-88.16102,32.95749],[-88.16528,32.95432],[-88.16689,32.95403],[-88.17692,32.95677],[-88.18218,32.96203],[-88.18406,32.96245],[-88.18528,32.96188],[-88.18915,32.95845],[-88.1872,32.95205],[-88.18236,32.94569],[-88.1723,32.94289],[-88.17124,32.94127],[-88.17127,32.93921],[-88.17319,32.93521],[-88.17533,32.93209],[-88.17967,32.93133],[-88.18895,32.93229],[-88.1963,32.93565],[-88.19832,32.93558],[-88.20061,32.92922],[-88.20732,32.92478]]]},"properties":{"GEOID":"01063","BASENAME":"Greene","NAME":"Greene County"}},{"type":"Feature","geometry":{"type":"Polygon","coordinates":[[[-85.63688,33.8465],[-85.63701,33.87594],[-85.6019,33.87486],[-85.60186,33.88975],[-85.53248,33.88915],[-85.52943,33.95598],[-85.73897,33.96846],[-85.74097,33.9353],[-85.74996,33.93738],[-85.81141,33.94714],[-85.84617,33.95726],[-85.84639,33.95002],[-85.88177,33.9503],[-85.88187,33.9431],[-85.89967,33.943],[-85.89957,33.9064],[-85.93427,33.9064],[-85.93447,33.921],[-85.95177,33.9209],[-85.95177,33.9136],[-85.96917,33.9146],[-85.96917,33.8929],[-85.98647,33.8937],[-85.98637,33.8792],[-85.99497,33.8796],[-85.99517,33.8649],[-86.02147,33.8661],[-86.02127,33.8515],[-86.04877,33.8527],[-86.04907,33.8416],[-86.06577,33.84186],[-86.06684,33.84006],[-86.06671,33.83864],[-86.05969,33.83592],[-86.05602,33.83329],[-86.05225,33.82852],[-86.05138,33.8252],[-86.05252,33.8221],[-86.06131,33.81412],[-86.06479,33.80955],[-86.06404,33.80657],[-86.06505,33.80369],[-86.06436,33.79778],[-86.05827,33.78873],[-86.05426,33.78561],[-86.04867,33.7787],[-86.04487,33.7719],[-86.04389,33.76717],[-86.04407,33.7634],[-86.04634,33.7621],[-86.05348,33.76254],[-86.06037,33.761],[-86.07056,33.75525],[-86.07618,33.7501],[-86.0816,33.74297],[-86.08556,33.74066],[-86.09916,33.73644],[-86.11659,33.7238],[-86.11877,33.7203],[-86.11928,33.71336],[-86.1211,33.7112],[-86.12388,33.71079],[-86.12862,33.71176],[-86.13481,33.71605],[-86.1374,33.71535],[-86.14371,33.70914],[-86.14577,33.70426],[-86.14622,33.70006],[-86.14406,33.68952],[-86.1442,33.68314],[-86.14556,33.6791],[-86.05067,33.67459],[-86.04741,33.66958],[-86.0457,33.66295],[-86.03711,33.65723],[-86.03319,33.65218],[-86.0258,33.64629],[-86.0255,33.64329],[-86.0265,33.63968],[-86.02617,33.63105],[-86.02033,33.61232],[-86.02171,33.60117],[-85.99559,33.60089],[-85.99557,33.59718],[-85.99628,33.59728],[-85.99493,33.58648],[-85.94885,33.58569],[-85.79456,33.58556],[-85.79605,33.55622],[-85.74412,33.55608],[-85.74249,33.5817],[-85.7423,33.60001],[-85.72452,33.59943],[-85.72495,33.61354],[-85.68995,33.61291],[-85.69068,33.62779],[-85.65581,33.62717],[-85.65555,33.63813],[-85.6513,33.63797],[-85.65128,33.64157],[-85.64719,33.64153],[-85.64704,33.64877],[-85.63858,33.64841],[-85.63805,33.77334],[-85.62125,33.77351],[-85.62089,33.78794],[-85.60347,33.78775],[-85.60339,33.80234],[-85.58598,33.80209],[-85.5852,33.84592],[-85.63688,33.8465]]]},"properties":{"GEOID":"01015","BASENAME":"Calhoun","NAME":"Calhoun County"}},{"type":"Feature","geometry":{"type":"Polygon","coordinates":[[[-88.2173,31.14399],[-88.02265,31.14427],[-87.98882,31.17331],[-87.97347,31.16429],[-87.97287,31.16269],[-87.96839,31.16285],[-87.96391,31.16111],[-87.95931,31.16041],[-87.95234,31.162],[-87.94375,31.16134],[-87.94132,31.16305],[-87.94094,31.16585],[-87.94479,31.17048],[-87.94677,31.17442],[-87.94698,31.1761],[-87.94535,31.1811],[-87.94566,31.18787],[-87.9473,31.1954],[-87.95014,31.20086],[-87.95029,31.2042],[-87.94841,31.20682],[-87.94066,31.21139],[-87.93947,31.21939],[-87.93133,31.22455],[-87.93061,31.22528],[-87.93096,31.2271],[-87.93581,31.23146],[-87.94116,31.23909],[-87.94311,31.24333],[-87.9475,31.24656],[-87.95741,31.2478],[-87.96338,31.25017],[-87.96923,31.25836],[-87.97176,31.25962],[-87.97571,31.25921],[-87.97942,31.25652],[-87.9829,31.2552],[-87.98579,31.25568],[-87.98703,31.25831],[-87.97694,31.26872],[-87.97297,31.27092],[-87.96634,31.2714],[-87.95969,31.2678],[-87.95715,31.26729],[-87.95512,31.26774],[-87.95293,31.27012],[-87.95304,31.2719],[-87.95738,31.27965],[-87.95738,31.28179],[-87.95585,31.28461],[-87.95179,31.28629],[-87.94818,31.28934],[-87.94725,31.29117],[-87.94718,31.29497],[-87.94986,31.29916],[-87.95597,31.30078],[-87.96076,31.30443],[-87.96473,31.31119],[-87.96379,31.31398],[-87.96071,31.31586],[-87.9561,31.31645],[-87.95155,31.31509],[-87.94021,31.31464],[-87.93589,31.31065],[-87.933,31.30922],[-87.92911,31.3095],[-87.92627,31.31069],[-87.92431,31.31435],[-87.92463,31.32191],[-87.92161,31.32818],[-87.92323,31.33457],[-87.92308,31.33692],[-87.92175,31.33949],[-87.91971,31.34062],[-87.91741,31.34057],[-87.91145,31.33707],[-87.91012,31.33406],[-87.91049,31.33298],[-87.9131,31.33029],[-87.91682,31.3282],[-87.91671,31.32538],[-87.91595,31.32406],[-87.91294,31.32233],[-87.91024,31.32216],[-87.90807,31.32304],[-87.90588,31.32646],[-87.90547,31.33417],[-87.90365,31.33646],[-87.89836,31.34048],[-87.89694,31.34267],[-87.89648,31.35081],[-87.89358,31.35623],[-87.88925,31.36065],[-87.88886,31.36402],[-87.89281,31.37234],[-87.88856,31.38312],[-87.88737,31.3885],[-87.88741,31.3932],[-87.88818,31.39498],[-87.88985,31.39574],[-87.8924,31.39599],[-87.89364,31.39462],[-87.88975,31.38918],[-87.88981,31.38598],[-87.89231,31.38288],[-87.89561,31.38136],[-87.898,31.38108],[-87.90168,31.38684],[-87.90366,31.3884],[-87.90969,31.39079],[-87.91215,31.39086],[-87.91943,31.38941],[-87.92118,31.38732],[-87.92109,31.38438],[-87.91729,31.37673],[-87.91782,31.3757],[-87.92039,31.37599],[-87.92605,31.37986],[-87.93011,31.37942],[-87.94041,31.37486],[-87.94428,31.37517],[-87.94596,31.37718],[-87.9451,31.37879],[-87.93892,31.38127],[-87.93492,31.3844],[-87.93401,31.38569],[-87.93363,31.39197],[-87.9302,31.39562],[-87.9277,31.39657],[-87.91207,31.39453],[-87.90504,31.39828],[-87.90449,31.40102],[-87.90587,31.40473],[-87.91036,31.4072],[-87.9158,31.40844],[-87.91868,31.40776],[-87.92272,31.40467],[-87.92591,31.4047],[-87.92742,31.40575],[-87.92782,31.40784],[-87.92143,31.41618],[-87.91886,31.41834],[-87.91536,31.41936],[-87.91182,31.42181],[-87.91114,31.4244],[-87.91628,31.42985],[-87.91985,31.43542],[-87.92198,31.43654],[-87.93095,31.43671],[-87.93436,31.4386],[-87.93537,31.44118],[-87.93333,31.44405],[-87.92121,31.44602],[-87.91802,31.44731],[-87.91545,31.44977],[-87.91532,31.45258],[-87.91909,31.46714],[-87.91831,31.47024],[-87.91319,31.47638],[-87.90849,31.48518],[-87.90626,31.49102],[-87.9066,31.49361],[-87.92552,31.50385],[-87.92662,31.50517],[-87.92899,31.51224],[-87.93177,31.51656],[-87.93746,31.52291],[-87.94251,31.52672],[-87.97342,31.53145],[-87.9796,31.53815],[-87.9946,31.54206],[-88.01158,31.55098],[-88.01863,31.55237],[-88.03128,31.56049],[-88.03614,31.56796],[-88.03966,31.5716],[-88.03996,31.57394],[-88.0383,31.57501],[-88.03434,31.57506],[-88.02335,31.57092],[-88.01853,31.57196],[-88.01693,31.57362],[-88.01726,31.57577],[-88.02345,31.58302],[-88.02769,31.58425],[-88.03725,31.58342],[-88.05145,31.5835],[-88.0602,31.58733],[-88.07223,31.5945],[-88.07892,31.60121],[-88.08006,31.60319],[-88.07996,31.60577],[-88.07519,31.6121],[-88.07426,31.61638],[-88.08116,31.62516],[-88.08397,31.63032],[-88.08659,31.63938],[-88.08668,31.64717],[-88.09119,31.65706],[-88.08939,31.65875],[-88.08228,31.65955],[-88.07886,31.66256],[-88.07929,31.67492],[-88.08063,31.67785],[-88.08695,31.68618],[-88.08829,31.6993],[-88.46443,31.69795],[-88.45157,31.48153],[-88.45104,31.45943],[-88.44617,31.37015],[-88.43878,31.25265],[-88.43201,31.1143],[-88.32993,31.11436],[-88.32978,31.14382],[-88.2173,31.14399]]]},"properties":{"GEOID":"01129","BASENAME":"Washington","NAME":"Washington County"}},{"type":"Feature","geometry":{"type":"Polygon","coordinates":[[[-86.00789,32.90369],[-86.00931,33.10464],[-86.25082,33.10431],[-86.3816,33.10299],[-86.39869,33.10383],[-86.49103,33.10294],[-86.49349,33.09916],[-86.50905,33.0909],[-86.51114,33.08843],[-86.51211,33.08588],[-86.51147,33.08014],[-86.50701,33.0718],[-86.50603,33.06775],[-86.50797,33.0644],[-86.51888,33.05785],[-86.52045,33.05601],[-86.51944,33.04809],[-86.51645,33.04222],[-86.51658,33.02318],[-86.51868,33.01831],[-86.52228,33.0044],[-86.52045,33.00012],[-86.51245,32.98975],[-86.51046,32.98357],[-86.51175,32.97762],[-86.51737,32.97262],[-86.51823,32.97046],[-86.51517,32.95331],[-86.51606,32.95038],[-86.51619,32.94318],[-86.51413,32.93557],[-86.51627,32.93059],[-86.51596,32.92936],[-86.51244,32.92316],[-86.50776,32.91874],[-86.50689,32.91455],[-86.50575,32.91328],[-86.50399,32.9123],[-86.49844,32.91165],[-86.49353,32.90893],[-86.49051,32.90562],[-86.48868,32.89583],[-86.48257,32.88392],[-86.48052,32.87512],[-86.47871,32.87266],[-86.47138,32.86979],[-86.45824,32.86833],[-86.45152,32.86369],[-86.44845,32.85861],[-86.44688,32.85401],[-86.44763,32.85113],[-86.45438,32.84671],[-86.45738,32.84284],[-86.45996,32.83704],[-86.46069,32.83346],[-86.45873,32.81882],[-86.45701,32.8139],[-86.45295,32.8131],[-86.445,32.81334],[-86.44249,32.8125],[-86.44131,32.81049],[-86.44393,32.80865],[-86.44465,32.80704],[-86.44383,32.80448],[-86.43277,32.797],[-86.42867,32.79232],[-86.41883,32.79099],[-86.4134,32.78818],[-86.4087,32.77671],[-86.40591,32.77298],[-86.39942,32.76812],[-86.39674,32.76295],[-86.38802,32.75754],[-86.37497,32.75358],[-86.33677,32.75378],[-86.33687,32.76671],[-86.33669,32.76813],[-86.33561,32.76814],[-86.31916,32.76784],[-86.31948,32.7537],[-86.20659,32.75353],[-86.00719,32.75498],[-86.00721,32.79154],[-86.00573,32.79188],[-86.00649,32.79253],[-86.00588,32.79346],[-86.00651,32.79475],[-86.00494,32.79557],[-86.00703,32.79579],[-86.00707,32.79643],[-86.0056,32.79693],[-86.00446,32.79824],[-86.00516,32.79852],[-86.00208,32.80091],[-85.99975,32.80153],[-86.00256,32.8016],[-86.00333,32.80097],[-86.00592,32.80258],[-86.00709,32.80224],[-86.00756,32.81292],[-86.00902,32.81312],[-86.00957,32.81555],[-86.01114,32.81607],[-86.01182,32.81762],[-86.0112,32.81959],[-86.01229,32.81863],[-86.01355,32.81979],[-86.01112,32.82362],[-86.01017,32.82291],[-86.00753,32.82357],[-86.00747,32.8251],[-86.00889,32.8247],[-86.00955,32.82573],[-86.01232,32.82527],[-86.0139,32.82641],[-86.01241,32.82796],[-86.00757,32.82777],[-86.00789,32.90369]]]},"properties":{"GEOID":"01037","BASENAME":"Coosa","NAME":"Coosa County"}},{"type":"Feature","geometry":{"type":"Polygon","coordinates":[[[-86.33524,34.61607],[-86.35903,34.63261],[-86.35812,34.73503],[-86.35226,34.73908],[-86.34821,34.74063],[-86.34533,34.7435],[-86.34225,34.74431],[-86.3434,34.74628],[-86.34237,34.74812],[-86.34287,34.75009],[-86.33971,34.7532],[-86.33958,34.75602],[-86.33802,34.7589],[-86.33785,34.76304],[-86.33974,34.76543],[-86.33949,34.76741],[-86.34044,34.76802],[-86.34073,34.77017],[-86.34195,34.77178],[-86.34175,34.78086],[-86.34078,34.78372],[-86.33893,34.7852],[-86.33816,34.78732],[-86.33476,34.78754],[-86.33401,34.78838],[-86.33506,34.79036],[-86.33496,34.79348],[-86.33617,34.79466],[-86.33819,34.79355],[-86.33993,34.79434],[-86.34221,34.79678],[-86.34119,34.79766],[-86.34131,34.80055],[-86.34395,34.80146],[-86.3461,34.80427],[-86.34436,34.80647],[-86.34481,34.81256],[-86.34323,34.81427],[-86.3434,34.81723],[-86.34023,34.818],[-86.33871,34.81759],[-86.33602,34.81864],[-86.33541,34.8205],[-86.33427,34.82087],[-86.3351,34.82319],[-86.33259,34.82497],[-86.33051,34.82799],[-86.32649,34.83026],[-86.32655,34.83132],[-86.32873,34.83243],[-86.33121,34.83254],[-86.33594,34.83571],[-86.33832,34.83585],[-86.33798,34.83722],[-86.33626,34.83867],[-86.33546,34.84402],[-86.33443,34.84496],[-86.3349,34.84789],[-86.33699,34.85144],[-86.33935,34.8519],[-86.34227,34.85529],[-86.34489,34.85495],[-86.34697,34.85769],[-86.34597,34.85984],[-86.34632,34.86522],[-86.34519,34.86761],[-86.3513,34.87366],[-86.34998,34.87531],[-86.34672,34.87609],[-86.34604,34.87794],[-86.34324,34.87978],[-86.34322,34.88125],[-86.34164,34.88378],[-86.33984,34.88501],[-86.34008,34.88685],[-86.33894,34.88829],[-86.34048,34.89032],[-86.34037,34.893],[-86.3416,34.89477],[-86.33872,34.89466],[-86.33519,34.89612],[-86.33123,34.89877],[-86.32943,34.9014],[-86.32278,34.90121],[-86.31882,34.90213],[-86.31435,34.90817],[-86.31363,34.91038],[-86.31139,34.91195],[-86.31131,34.91479],[-86.3142,34.91814],[-86.31572,34.9225],[-86.31879,34.92274],[-86.31904,34.9238],[-86.32236,34.92583],[-86.32217,34.92825],[-86.32337,34.92912],[-86.32333,34.93007],[-86.32439,34.93032],[-86.32416,34.93227],[-86.32666,34.93661],[-86.32624,34.9371],[-86.31984,34.93648],[-86.31782,34.93555],[-86.31737,34.93698],[-86.31576,34.93787],[-86.31104,34.9347],[-86.30514,34.93854],[-86.304,34.94075],[-86.30047,34.94284],[-86.29733,34.94349],[-86.29602,34.94478],[-86.29326,34.94504],[-86.29048,34.9438],[-86.2901,34.94166],[-86.28856,34.93962],[-86.28172,34.93846],[-86.28009,34.93925],[-86.27965,34.9339],[-86.27667,34.93027],[-86.27348,34.92976],[-86.27373,34.92832],[-86.27292,34.92768],[-86.27344,34.92552],[-86.27224,34.9241],[-86.26597,34.92242],[-86.26338,34.92278],[-86.26173,34.92525],[-86.25694,34.92648],[-86.25577,34.92923],[-86.25656,34.93109],[-86.25766,34.9316],[-86.25912,34.9362],[-86.25697,34.93777],[-86.25958,34.94277],[-86.25918,34.94537],[-86.26738,34.94702],[-86.27468,34.95355],[-86.27982,34.95327],[-86.28227,34.95568],[-86.28705,34.95774],[-86.28927,34.96519],[-86.28783,34.96679],[-86.28937,34.96863],[-86.29518,34.96716],[-86.29716,34.96873],[-86.29972,34.96907],[-86.30112,34.97166],[-86.30254,34.97085],[-86.3052,34.97205],[-86.30689,34.97529],[-86.31031,34.97455],[-86.31274,34.97549],[-86.30918,34.98024],[-86.30896,34.98217],[-86.3088,34.9849],[-86.31127,34.9911],[-86.39022,34.99169],[-86.46812,34.99048],[-86.66738,34.99172],[-86.66956,34.99234],[-86.67085,34.99174],[-86.78363,34.99195],[-86.78397,34.88477],[-86.78667,34.67669],[-86.79006,34.55079],[-86.7804,34.55004],[-86.77339,34.55056],[-86.76187,34.55228],[-86.75588,34.55415],[-86.75205,34.55647],[-86.72172,34.58271],[-86.71522,34.5864],[-86.70788,34.58861],[-86.70219,34.589],[-86.69727,34.58824],[-86.68742,34.58586],[-86.68149,34.58296],[-86.6778,34.57947],[-86.67558,34.57598],[-86.67463,34.57207],[-86.67481,34.5614],[-86.6719,34.55666],[-86.66514,34.55209],[-86.65866,34.55014],[-86.64951,34.54885],[-86.6439,34.5496],[-86.63859,34.55274],[-86.63491,34.55684],[-86.62999,34.56432],[-86.61417,34.57723],[-86.60498,34.58064],[-86.59849,34.58211],[-86.59065,34.58291],[-86.58226,34.58224],[-86.57705,34.5806],[-86.56489,34.57371],[-86.55812,34.56827],[-86.55354,34.56166],[-86.54981,34.55056],[-86.54981,34.54723],[-86.55113,34.54257],[-86.55055,34.53939],[-86.54757,34.53524],[-86.53594,34.5136],[-86.53452,34.50428],[-86.52811,34.49835],[-86.49999,34.48229],[-86.4866,34.47998],[-86.47549,34.47976],[-86.46891,34.47563],[-86.45286,34.48414],[-86.43537,34.48352],[-86.4319,34.48117],[-86.42461,34.4793],[-86.41523,34.48965],[-86.41224,34.4943],[-86.40995,34.4944],[-86.40844,34.49567],[-86.4064,34.49554],[-86.40381,34.49722],[-86.40079,34.49535],[-86.39794,34.49505],[-86.3921,34.49782],[-86.39127,34.49927],[-86.38906,34.49968],[-86.38961,34.50155],[-86.38842,34.50305],[-86.39011,34.50508],[-86.38754,34.50524],[-86.38674,34.50773],[-86.38746,34.50828],[-86.39131,34.50712],[-86.39215,34.50789],[-86.3919,34.50963],[-86.38963,34.51085],[-86.39088,34.51202],[-86.39039,34.51433],[-86.39214,34.51677],[-86.39177,34.51965],[-86.38914,34.51982],[-86.38841,34.51912],[-86.38866,34.51763],[-86.38735,34.51691],[-86.38555,34.51787],[-86.38449,34.52052],[-86.38171,34.5207],[-86.37485,34.51751],[-86.36921,34.51375],[-86.36441,34.51599],[-86.3625,34.51902],[-86.35679,34.52074],[-86.35526,34.52351],[-86.35311,34.5211],[-86.35083,34.52027],[-86.34758,34.51718],[-86.34277,34.51454],[-86.33809,34.51003],[-86.33475,34.50935],[-86.33413,34.51008],[-86.33522,34.51179],[-86.33486,34.51242],[-86.33136,34.51228],[-86.32982,34.51313],[-86.32998,34.5149],[-86.33229,34.51614],[-86.33302,34.51809],[-86.32945,34.51833],[-86.32787,34.51926],[-86.32757,34.52351],[-86.3245,34.52914],[-86.31522,34.53693],[-86.31102,34.53948],[-86.31307,34.55019],[-86.3115,34.55114],[-86.31167,34.55394],[-86.30683,34.5603],[-86.30693,34.56204],[-86.30957,34.56408],[-86.31264,34.56294],[-86.32177,34.56515],[-86.32936,34.56544],[-86.33063,34.56653],[-86.32977,34.56832],[-86.33192,34.57049],[-86.3316,34.57297],[-86.33061,34.57353],[-86.32879,34.57217],[-86.32718,34.5721],[-86.32235,34.57645],[-86.31941,34.57595],[-86.31434,34.57653],[-86.30368,34.57951],[-86.29999,34.57952],[-86.29978,34.58052],[-86.30204,34.58202],[-86.30728,34.58251],[-86.30596,34.58867],[-86.30311,34.59299],[-86.30553,34.59432],[-86.31081,34.59552],[-86.31602,34.59963],[-86.32433,34.59829],[-86.32685,34.5994],[-86.3309,34.6027],[-86.33162,34.60541],[-86.33051,34.60829],[-86.32581,34.60961],[-86.33524,34.61607]]]},"properties":{"GEOID":"01089","BASENAME":"Madison","NAME":"Madison County"}},{"type":"Feature","geometry":{"type":"Polygon","coordinates":[[[-86.71061,33.43057],[-86.70035,33.43035],[-86.70064,33.44112],[-86.69634,33.44112],[-86.69631,33.44468],[-86.6921,33.44462],[-86.69202,33.45196],[-86.67445,33.45174],[-86.67442,33.46652],[-86.60463,33.46705],[-86.60459,33.47418],[-86.59576,33.47433],[-86.59581,33.48148],[-86.58705,33.48157],[-86.58707,33.49607],[-86.57786,33.49612],[-86.57808,33.49949],[-86.574,33.49954],[-86.57411,33.50326],[-86.56962,33.50335],[-86.56949,33.5106],[-86.56072,33.51063],[-86.56062,33.51751],[-86.54334,33.51729],[-86.54313,33.52458],[-86.5172,33.52414],[-86.51674,33.55338],[-86.54303,33.55396],[-86.54306,33.56122],[-86.55199,33.56089],[-86.55205,33.56196],[-86.55135,33.61997],[-86.54277,33.61984],[-86.54282,33.63437],[-86.53369,33.63438],[-86.53391,33.64881],[-86.52512,33.64871],[-86.52507,33.72124],[-86.5339,33.72121],[-86.53381,33.73546],[-86.54264,33.73564],[-86.54276,33.76517],[-86.63298,33.76572],[-86.63919,33.76938],[-86.639,33.76583],[-86.64777,33.7659],[-86.64787,33.77296],[-86.64529,33.77301],[-86.75914,33.84062],[-86.88395,33.84324],[-86.93654,33.81531],[-86.95366,33.8153],[-86.95373,33.80078],[-86.97124,33.80121],[-86.97093,33.78646],[-87.00597,33.78724],[-87.00589,33.77257],[-87.02329,33.77273],[-87.02335,33.74358],[-87.03169,33.74365],[-87.03158,33.72898],[-87.04064,33.72897],[-87.03979,33.68536],[-87.05725,33.68547],[-87.05776,33.65636],[-87.0927,33.65687],[-87.09273,33.62785],[-87.14447,33.6282],[-87.14441,33.61341],[-87.17943,33.61379],[-87.17956,33.59928],[-87.19692,33.59934],[-87.19777,33.58935],[-87.20168,33.58399],[-87.20493,33.5771],[-87.20411,33.57252],[-87.19691,33.5624],[-87.19415,33.56027],[-87.18826,33.55824],[-87.18629,33.5567],[-87.18586,33.55404],[-87.18722,33.55174],[-87.199,33.54966],[-87.21003,33.53873],[-87.21393,33.53638],[-87.21937,33.53621],[-87.2326,33.53938],[-87.2373,33.53833],[-87.23923,33.53613],[-87.23962,33.52862],[-87.24101,33.5253],[-87.24674,33.51729],[-87.25047,33.5142],[-87.25366,33.51406],[-87.25699,33.51544],[-87.25901,33.51776],[-87.26302,33.52771],[-87.26617,33.52996],[-87.27021,33.53032],[-87.27354,33.52743],[-87.27534,33.52312],[-87.2755,33.52083],[-87.27402,33.51749],[-87.26718,33.51315],[-87.26131,33.50651],[-87.26078,33.50218],[-87.26359,33.49832],[-87.26719,33.49719],[-87.27001,33.49736],[-87.27479,33.50045],[-87.28039,33.50247],[-87.28394,33.50258],[-87.28738,33.50119],[-87.28889,33.49861],[-87.28889,33.49619],[-87.28502,33.48578],[-87.28485,33.48304],[-87.28611,33.48066],[-87.29029,33.47913],[-87.29607,33.47939],[-87.29771,33.48021],[-87.30136,33.48832],[-87.30348,33.48994],[-87.30704,33.49018],[-87.31461,33.48725],[-87.32384,33.49282],[-87.32918,33.49266],[-87.33117,33.49089],[-87.33174,33.48553],[-87.33441,33.47986],[-87.3372,33.4754],[-87.3417,33.4705],[-87.33551,33.47043],[-87.33558,33.45625],[-87.31411,33.45573],[-87.31439,33.44172],[-87.28436,33.44058],[-87.28428,33.42571],[-87.26684,33.4247],[-87.26698,33.41795],[-87.25379,33.41781],[-87.25376,33.41031],[-87.2487,33.41043],[-87.24931,33.39558],[-87.23205,33.39514],[-87.232,33.36585],[-87.21483,33.3658],[-87.21492,33.35832],[-87.19758,33.35813],[-87.19741,33.34309],[-87.18001,33.34298],[-87.17964,33.32111],[-87.16217,33.32101],[-87.16201,33.30659],[-87.12714,33.30601],[-87.12676,33.29084],[-87.0875,33.29067],[-87.08755,33.27967],[-87.0746,33.27968],[-87.07463,33.27602],[-87.06575,33.27594],[-87.06574,33.24691],[-86.98289,33.24601],[-86.98274,33.25299],[-86.97846,33.25291],[-86.97826,33.25659],[-86.9742,33.25659],[-86.97405,33.26011],[-86.96964,33.26016],[-86.96957,33.26747],[-86.94781,33.26711],[-86.94782,33.27445],[-86.93468,33.27449],[-86.93459,33.27816],[-86.92617,33.27816],[-86.92613,33.29653],[-86.92196,33.29653],[-86.92187,33.3003],[-86.91731,33.30021],[-86.91727,33.30379],[-86.90851,33.30396],[-86.90857,33.30769],[-86.89972,33.30777],[-86.89976,33.31507],[-86.89567,33.31502],[-86.89548,33.31869],[-86.89136,33.31866],[-86.89129,33.32579],[-86.88257,33.32565],[-86.88254,33.33296],[-86.83069,33.33201],[-86.8304,33.36077],[-86.81343,33.36053],[-86.81335,33.36363],[-86.80458,33.36337],[-86.80444,33.3675],[-86.77864,33.36688],[-86.77842,33.38866],[-86.76102,33.38832],[-86.76118,33.3956],[-86.75702,33.39573],[-86.75656,33.3991],[-86.75237,33.399],[-86.75234,33.41721],[-86.71788,33.41619],[-86.71775,33.43078],[-86.71061,33.43057]]]},"properties":{"GEOID":"01073","BASENAME":"Jefferson","NAME":"Jefferson County"}},{"type":"Feature","geometry":{"type":"Polygon","coordinates":[[[-87.19756,33.59123],[-87.19692,33.59934],[-87.17956,33.59928],[-87.17943,33.61379],[-87.14441,33.61341],[-87.14447,33.6282],[-87.09273,33.62785],[-87.0927,33.65687],[-87.05776,33.65636],[-87.05725,33.68547],[-87.03979,33.68536],[-87.04064,33.72897],[-87.03158,33.72898],[-87.03169,33.74365],[-87.02335,33.74358],[-87.02329,33.77273],[-87.00589,33.77257],[-87.00597,33.78724],[-86.97093,33.78646],[-86.97124,33.80121],[-86.95373,33.80078],[-86.95431,33.84486],[-86.96296,33.84487],[-86.96336,33.85822],[-86.97416,33.86053],[-86.9794,33.8592],[-86.99215,33.85964],[-86.99399,33.86093],[-86.99586,33.86797],[-86.99956,33.8698],[-87.00275,33.86965],[-87.00686,33.86618],[-87.00708,33.88893],[-87.09184,33.89009],[-87.09007,33.89153],[-87.09029,33.89255],[-87.10013,33.89771],[-87.10066,33.89897],[-87.09864,33.90121],[-87.0913,33.90242],[-87.08229,33.90615],[-87.08207,33.90793],[-87.08558,33.91916],[-87.09285,33.92821],[-87.09571,33.9306],[-87.1022,33.93364],[-87.10522,33.93598],[-87.10581,33.94472],[-87.11176,33.95079],[-87.11196,33.95424],[-87.11043,33.95674],[-87.1115,33.95871],[-87.11927,33.96177],[-87.12269,33.96433],[-87.13408,33.96509],[-87.13688,33.9666],[-87.1385,33.96891],[-87.13907,33.9716],[-87.13819,33.97763],[-87.14133,33.98113],[-87.14366,33.98636],[-87.14739,33.9906],[-87.15239,33.99411],[-87.15299,33.9958],[-87.16931,34.0052],[-87.17251,34.0053],[-87.18041,34.0027],[-87.18491,34.0037],[-87.18981,34.003],[-87.19662,33.99317],[-87.19855,33.98696],[-87.20003,33.98488],[-87.20473,33.98567],[-87.20676,33.98731],[-87.20771,33.98946],[-87.21457,33.99219],[-87.21674,33.99391],[-87.50002,33.99663],[-87.57402,34.0005],[-87.63612,34.0022],[-87.63604,33.872],[-87.5316,33.86762],[-87.53147,33.82872],[-87.52834,33.69205],[-87.42384,33.68911],[-87.4237,33.6021],[-87.37112,33.6017],[-87.37104,33.58707],[-87.31853,33.58739],[-87.31824,33.51417],[-87.26692,33.51293],[-87.27326,33.51675],[-87.27487,33.51855],[-87.2755,33.52083],[-87.27534,33.52312],[-87.27354,33.52743],[-87.27106,33.52986],[-87.2687,33.53058],[-87.26444,33.52909],[-87.26233,33.52689],[-87.25901,33.51776],[-87.25699,33.51544],[-87.25366,33.51406],[-87.25047,33.5142],[-87.24674,33.51729],[-87.24101,33.5253],[-87.23962,33.52862],[-87.23923,33.53613],[-87.2373,33.53833],[-87.2326,33.53938],[-87.21937,33.53621],[-87.21393,33.53638],[-87.21003,33.53873],[-87.199,33.54966],[-87.18762,33.55149],[-87.18586,33.55404],[-87.18629,33.5567],[-87.18826,33.55824],[-87.19415,33.56027],[-87.19691,33.5624],[-87.20411,33.57252],[-87.20495,33.57542],[-87.20458,33.57883],[-87.19777,33.58935],[-87.19756,33.59123]]]},"properties":{"GEOID":"01127","BASENAME":"Walker","NAME":"Walker County"}},{"type":"Feature","geometry":{"type":"Polygon","coordinates":[[[-85.74409,34.28485],[-85.67528,34.3434],[-85.67645,34.34737],[-85.67291,34.34969],[-85.67137,34.3531],[-85.66866,34.35417],[-85.66874,34.35811],[-85.66415,34.36194],[-85.662,34.36271],[-85.65413,34.36303],[-85.65126,34.36411],[-85.6478,34.36399],[-85.64648,34.36624],[-85.6467,34.36882],[-85.64548,34.36949],[-85.64305,34.36905],[-85.64123,34.36637],[-85.63664,34.36662],[-85.63341,34.37067],[-85.62863,34.37294],[-85.6283,34.37469],[-85.63023,34.37912],[-85.62993,34.38086],[-85.62799,34.38214],[-85.62447,34.38262],[-85.62351,34.38471],[-85.62017,34.38716],[-85.62053,34.38886],[-85.6266,34.39366],[-85.62729,34.39714],[-85.62563,34.39771],[-85.61885,34.39394],[-85.61551,34.39387],[-85.61446,34.39566],[-85.61418,34.39894],[-85.61159,34.4031],[-85.61109,34.40624],[-85.60894,34.40739],[-85.60626,34.41199],[-85.59916,34.41575],[-85.60118,34.41804],[-85.60068,34.42093],[-85.5982,34.42228],[-85.58944,34.4242],[-85.58875,34.42588],[-85.59032,34.42743],[-85.59054,34.42908],[-85.58919,34.43052],[-85.5838,34.43259],[-85.57966,34.43971],[-85.58024,34.44974],[-85.58392,34.45796],[-85.5832,34.45897],[-85.57941,34.45945],[-85.57822,34.46153],[-85.57875,34.46554],[-85.58099,34.46756],[-85.58113,34.46907],[-85.57972,34.47054],[-85.57656,34.47033],[-85.57463,34.46973],[-85.57189,34.46653],[-85.57078,34.4668],[-85.57023,34.46859],[-85.57145,34.47312],[-85.57101,34.47761],[-85.57325,34.47869],[-85.57499,34.48178],[-85.57684,34.48318],[-85.57679,34.48444],[-85.57104,34.48616],[-85.57023,34.48806],[-85.56755,34.49014],[-85.56,34.49025],[-85.55845,34.49202],[-85.55817,34.49357],[-85.55917,34.50239],[-85.55613,34.50182],[-85.55529,34.50207],[-85.55486,34.50349],[-85.55195,34.50333],[-85.54764,34.50009],[-85.5444,34.50009],[-85.5418,34.50544],[-85.53754,34.50775],[-85.53416,34.51365],[-85.52694,34.51695],[-85.52474,34.51632],[-85.52295,34.51684],[-85.52293,34.51789],[-85.5258,34.5211],[-85.5252,34.5234],[-85.52366,34.52476],[-85.5192,34.52625],[-85.51731,34.52469],[-85.51421,34.52457],[-85.51361,34.52382],[-85.53433,34.62508],[-85.56142,34.75008],[-85.58315,34.86037],[-85.58802,34.8594],[-85.58869,34.85904],[-85.58844,34.85803],[-85.59011,34.8575],[-85.59344,34.85436],[-85.5973,34.85358],[-85.59819,34.85262],[-85.60216,34.85136],[-85.60294,34.84976],[-85.60152,34.84868],[-85.60096,34.84696],[-85.60766,34.84151],[-85.61324,34.83993],[-85.61685,34.83578],[-85.61882,34.8351],[-85.6179,34.83397],[-85.62689,34.83212],[-85.63416,34.81296],[-85.63447,34.79808],[-85.64177,34.78447],[-85.64787,34.77638],[-85.6602,34.75496],[-85.67338,34.74491],[-85.69304,34.74425],[-85.76192,34.65366],[-85.78547,34.62458],[-85.93854,34.52535],[-85.95694,34.50712],[-85.96118,34.50059],[-85.97081,34.49685],[-85.97554,34.49193],[-85.98419,34.49094],[-85.98475,34.49012],[-85.98375,34.48707],[-85.98425,34.48652],[-85.98566,34.48606],[-85.98928,34.48686],[-85.99218,34.484],[-85.99525,34.48434],[-86.00384,34.48003],[-86.00682,34.48129],[-86.0118,34.4805],[-86.01633,34.48175],[-86.02139,34.48174],[-86.02602,34.4755],[-86.03485,34.47342],[-86.03703,34.4742],[-86.03944,34.47692],[-86.04156,34.47588],[-86.04731,34.47668],[-86.05378,34.47519],[-86.05771,34.47599],[-86.11036,34.4278],[-86.11002,34.40387],[-86.11889,34.40385],[-86.11883,34.39298],[-86.11003,34.39295],[-86.10609,34.20076],[-85.99997,34.19926],[-85.84362,34.20001],[-85.8438,34.24459],[-85.82101,34.23907],[-85.80842,34.23938],[-85.80905,34.25892],[-85.77416,34.25909],[-85.74409,34.28485]]]},"properties":{"GEOID":"01049","BASENAME":"DeKalb","NAME":"DeKalb County"}},{"type":"Feature","geometry":{"type":"Polygon","coordinates":[[[-85.83112,30.99412],[-85.4883,30.99706],[-85.48554,31.08159],[-85.48576,31.19989],[-85.58573,31.19488],[-85.71053,31.19517],[-85.79291,31.19637],[-85.93829,31.19634],[-85.99904,31.19578],[-86.11673,31.19302],[-86.11674,31.1821],[-86.12541,31.18206],[-86.12548,31.19275],[-86.19348,31.19221],[-86.19329,31.12517],[-86.19087,31.01738],[-86.19036,31.00306],[-86.18693,31.00308],[-86.18725,30.99402],[-86.12154,30.99288],[-86.05428,30.9934],[-85.99861,30.99287],[-85.83112,30.99412]]]},"properties":{"GEOID":"01061","BASENAME":"Geneva","NAME":"Geneva County"}},{"type":"Feature","geometry":{"type":"Polygon","coordinates":[[[-85.84387,34.23703],[-85.84348,34.18966],[-85.84137,34.11069],[-85.83321,34.10994],[-85.81412,34.12374],[-85.80974,34.12574],[-85.7971,34.12871],[-85.79426,34.12788],[-85.79101,34.1251],[-85.79066,34.12222],[-85.79483,34.11509],[-85.79712,34.10902],[-85.79767,34.1044],[-85.79687,34.0995],[-85.73714,33.9892],[-85.73897,33.96846],[-85.52943,33.95598],[-85.53009,33.94142],[-85.49582,33.94239],[-85.49529,33.95691],[-85.42563,33.95707],[-85.42544,33.96064],[-85.40783,33.96055],[-85.40764,33.9642],[-85.39884,33.96413],[-85.42023,34.07228],[-85.42822,34.1144],[-85.42947,34.1251],[-85.47045,34.32824],[-85.51116,34.51467],[-85.51407,34.52452],[-85.51662,34.52449],[-85.51869,34.52613],[-85.52013,34.52627],[-85.52447,34.52419],[-85.5258,34.5211],[-85.52293,34.51789],[-85.52295,34.51684],[-85.52474,34.51632],[-85.52694,34.51695],[-85.53416,34.51365],[-85.53754,34.50775],[-85.5418,34.50544],[-85.5444,34.50009],[-85.54764,34.50009],[-85.55195,34.50333],[-85.55486,34.50349],[-85.55529,34.50207],[-85.55613,34.50182],[-85.55917,34.50239],[-85.55817,34.49357],[-85.55845,34.49202],[-85.56,34.49025],[-85.56755,34.49014],[-85.57023,34.48806],[-85.57104,34.48616],[-85.57679,34.48444],[-85.57684,34.48318],[-85.57499,34.48178],[-85.57325,34.47869],[-85.57101,34.47761],[-85.57145,34.47312],[-85.57023,34.46859],[-85.57078,34.4668],[-85.57189,34.46653],[-85.57463,34.46973],[-85.57656,34.47033],[-85.57972,34.47054],[-85.58113,34.46907],[-85.58099,34.46756],[-85.57875,34.46554],[-85.57822,34.46153],[-85.57941,34.45945],[-85.5832,34.45897],[-85.58392,34.45796],[-85.58024,34.44974],[-85.57966,34.43971],[-85.5838,34.43259],[-85.58919,34.43052],[-85.59054,34.42908],[-85.59032,34.42743],[-85.58875,34.42588],[-85.58944,34.4242],[-85.5982,34.42228],[-85.60068,34.42093],[-85.60118,34.41804],[-85.59916,34.41575],[-85.60626,34.41199],[-85.60894,34.40739],[-85.61109,34.40624],[-85.61159,34.4031],[-85.61418,34.39894],[-85.61446,34.39566],[-85.61551,34.39387],[-85.61885,34.39394],[-85.62563,34.39771],[-85.62729,34.39714],[-85.6266,34.39366],[-85.62053,34.38886],[-85.62017,34.38716],[-85.62351,34.38471],[-85.62447,34.38262],[-85.62799,34.38214],[-85.62993,34.38086],[-85.63023,34.37912],[-85.6283,34.37469],[-85.62918,34.37239],[-85.63341,34.37067],[-85.63664,34.36662],[-85.64123,34.36637],[-85.64305,34.36905],[-85.64548,34.36949],[-85.6467,34.36882],[-85.64648,34.36624],[-85.6478,34.36399],[-85.65126,34.36411],[-85.65413,34.36303],[-85.662,34.36271],[-85.66415,34.36194],[-85.66874,34.35811],[-85.66866,34.35417],[-85.67137,34.3531],[-85.67291,34.34969],[-85.67645,34.34737],[-85.67528,34.3434],[-85.77416,34.25909],[-85.80905,34.25892],[-85.80842,34.23938],[-85.82101,34.23907],[-85.8438,34.24459],[-85.84387,34.23703]]]},"properties":{"GEOID":"01019","BASENAME":"Cherokee","NAME":"Cherokee County"}},{"type":"Feature","geometry":{"type":"Polygon","coordinates":[[[-87.21495,34.83561],[-87.21491,34.81601],[-87.22053,34.81068],[-87.25557,34.78835],[-87.27108,34.78383],[-87.2765,34.78076],[-87.27805,34.77895],[-87.27864,34.77504],[-87.27805,34.77313],[-87.27468,34.76975],[-87.26937,34.76824],[-87.26616,34.76573],[-87.26468,34.76081],[-87.26104,34.7599],[-87.26068,34.75863],[-87.25002,34.76231],[-87.22972,34.76403],[-87.22277,34.76323],[-87.21287,34.75968],[-87.19728,34.74994],[-87.18637,34.74887],[-87.18023,34.74686],[-87.1547,34.73392],[-87.13886,34.7241],[-87.13358,34.71869],[-87.12911,34.70641],[-87.12501,34.70159],[-87.09837,34.68128],[-87.09427,34.67648],[-87.08843,34.67153],[-87.06786,34.6608],[-87.05286,34.6504],[-87.04981,34.64974],[-87.04358,34.65172],[-87.03744,34.65225],[-87.02931,34.64976],[-87.01793,34.64031],[-87.0099,34.63566],[-86.99205,34.6273],[-86.9729,34.6132],[-86.95891,34.60709],[-86.92331,34.58669],[-86.90721,34.57979],[-86.8619,34.56778],[-86.84307,34.55836],[-86.8369,34.55619],[-86.83065,34.55517],[-86.81164,34.55451],[-86.79006,34.55079],[-86.78667,34.67669],[-86.78397,34.88477],[-86.78363,34.99195],[-86.87772,34.99221],[-87.21076,34.99902],[-87.21194,34.90658],[-87.21495,34.83561]]]},"properties":{"GEOID":"01083","BASENAME":"Limestone","NAME":"Limestone County"}},{"type":"Feature","geometry":{"type":"Polygon","coordinates":[[[-85.9267,31.61897],[-85.74994,31.61791],[-85.74825,31.61805],[-85.74803,31.61918],[-85.74543,31.6189],[-85.74297,31.62124],[-85.74188,31.62078],[-85.7423,31.61931],[-85.74174,31.6194],[-85.74075,31.62032],[-85.74107,31.62124],[-85.73968,31.62204],[-85.73992,31.62332],[-85.73573,31.62449],[-85.72983,31.63237],[-85.73114,31.63307],[-85.73046,31.63387],[-85.73095,31.63553],[-85.72847,31.63738],[-85.72794,31.64147],[-85.72696,31.64405],[-85.72579,31.64477],[-85.72609,31.64565],[-85.72478,31.64563],[-85.72309,31.6477],[-85.72233,31.64668],[-85.71696,31.65507],[-85.71728,31.65672],[-85.71615,31.6605],[-85.71779,31.66055],[-85.71801,31.66227],[-85.71693,31.66355],[-85.71883,31.66439],[-85.71663,31.66519],[-85.71791,31.66519],[-85.71761,31.66655],[-85.71836,31.66724],[-85.71594,31.66786],[-85.71575,31.66912],[-85.71644,31.67367],[-85.71759,31.67454],[-85.71688,31.67546],[-85.71761,31.67615],[-85.7167,31.67715],[-85.71731,31.67753],[-85.71627,31.67817],[-85.71764,31.67929],[-85.71742,31.68101],[-85.71623,31.68287],[-85.71773,31.68315],[-85.71631,31.68422],[-85.71777,31.68426],[-85.71692,31.68726],[-85.71601,31.688],[-85.7175,31.68878],[-85.71795,31.69156],[-85.71965,31.69256],[-85.72022,31.69205],[-85.72064,31.69306],[-85.71922,31.6938],[-85.71985,31.69539],[-85.71866,31.69547],[-85.71791,31.69803],[-85.71631,31.69795],[-85.71553,31.69902],[-85.71529,31.69802],[-85.71443,31.69854],[-85.71322,31.69799],[-85.71223,31.70076],[-85.71301,31.70184],[-85.71151,31.70312],[-85.71199,31.70392],[-85.70965,31.70394],[-85.7088,31.70651],[-85.70612,31.70724],[-85.70575,31.70922],[-85.70896,31.7117],[-85.70816,31.71225],[-85.70852,31.71295],[-85.70717,31.71352],[-85.70674,31.71496],[-85.70736,31.7161],[-85.70603,31.71754],[-85.70771,31.71803],[-85.70505,31.71843],[-85.70806,31.71989],[-85.70574,31.71996],[-85.70641,31.72154],[-85.70541,31.72235],[-85.70452,31.72157],[-85.70457,31.7229],[-85.70543,31.72319],[-85.70331,31.72417],[-85.70452,31.72416],[-85.70441,31.72502],[-85.70618,31.72594],[-85.70425,31.7267],[-85.70551,31.72811],[-85.70454,31.73044],[-85.70366,31.73046],[-85.70508,31.73206],[-85.70264,31.73344],[-85.70387,31.73315],[-85.70277,31.73617],[-85.70415,31.737],[-85.70175,31.73758],[-85.70244,31.73968],[-85.7006,31.74261],[-85.69931,31.743],[-85.6996,31.74458],[-85.69861,31.74409],[-85.69667,31.74507],[-85.69756,31.74555],[-85.6956,31.74783],[-85.69242,31.74821],[-85.69266,31.74909],[-85.69163,31.75028],[-85.69042,31.74998],[-85.68892,31.75168],[-85.68951,31.7526],[-85.68739,31.7523],[-85.68712,31.75427],[-85.68479,31.75363],[-85.68451,31.75553],[-85.68259,31.75546],[-85.68192,31.75698],[-85.68077,31.75595],[-85.67851,31.7565],[-85.67937,31.75743],[-85.67712,31.75771],[-85.67878,31.75812],[-85.67846,31.7586],[-85.67656,31.75874],[-85.67511,31.76009],[-85.67535,31.75851],[-85.67457,31.75844],[-85.67125,31.76094],[-85.66717,31.77017],[-85.66792,31.77185],[-85.6662,31.77249],[-85.66833,31.77479],[-85.66669,31.7774],[-85.66698,31.77984],[-85.66446,31.77977],[-85.66564,31.78142],[-85.66269,31.78332],[-85.66272,31.78565],[-85.666,31.78638],[-85.66491,31.78825],[-85.66588,31.78802],[-85.667,31.7893],[-85.66679,31.7907],[-85.66808,31.79063],[-85.66644,31.79146],[-85.66749,31.79198],[-85.66689,31.79322],[-85.66909,31.79217],[-85.66805,31.79455],[-85.66936,31.79501],[-85.66995,31.79432],[-85.67095,31.79538],[-85.67135,31.79886],[-85.67062,31.79989],[-85.67239,31.80491],[-85.67414,31.80699],[-85.674,31.80837],[-85.67266,31.80905],[-85.67381,31.81231],[-85.67301,31.81247],[-85.67309,31.81467],[-85.67167,31.81707],[-85.67204,31.81872],[-85.67312,31.8184],[-85.67459,31.81996],[-85.67338,31.82017],[-85.67384,31.82111],[-85.67156,31.82441],[-85.67156,31.82867],[-85.66917,31.83302],[-85.66976,31.83364],[-85.66831,31.83476],[-85.66925,31.83504],[-85.66925,31.83653],[-85.67016,31.83662],[-85.66957,31.83719],[-85.66968,31.84026],[-85.6719,31.84042],[-85.67182,31.84143],[-85.67078,31.84184],[-85.67241,31.84335],[-85.67252,31.8459],[-85.67357,31.8458],[-85.67327,31.84711],[-85.67452,31.84835],[-85.67681,31.84918],[-85.67577,31.85046],[-85.67767,31.85224],[-85.67673,31.85442],[-85.67805,31.85474],[-85.67813,31.856],[-85.67732,31.85689],[-85.67574,31.85657],[-85.67625,31.85793],[-85.67469,31.85804],[-85.67547,31.85861],[-85.67534,31.86033],[-85.67364,31.85946],[-85.67405,31.86084],[-85.67147,31.862],[-85.67182,31.86287],[-85.67007,31.86436],[-85.67064,31.86496],[-85.66846,31.86554],[-85.66884,31.86716],[-85.66744,31.86739],[-85.66693,31.87],[-85.66363,31.87066],[-85.66451,31.87231],[-85.66371,31.87327],[-85.66408,31.87433],[-85.65906,31.87743],[-85.65971,31.87892],[-85.65767,31.88027],[-85.79105,31.88036],[-85.79105,31.92422],[-85.79005,31.96725],[-85.88435,31.96725],[-85.88425,31.98185],[-85.88903,31.98177],[-85.889,31.98895],[-85.89265,31.98905],[-85.89365,32.04735],[-85.91146,32.04736],[-85.91176,32.05475],[-85.94628,32.05457],[-85.9463,32.06189],[-85.95455,32.06175],[-85.95445,32.05815],[-85.9501,32.05816],[-85.95025,32.05455],[-85.97591,32.05443],[-85.97593,32.05124],[-85.98406,32.05105],[-85.98405,32.04745],[-85.99257,32.04745],[-85.99256,32.05095],[-85.99685,32.05105],[-85.99556,31.96755],[-86.19138,31.96645],[-86.18932,31.96387],[-86.18565,31.96232],[-86.18558,31.95824],[-86.18387,31.95586],[-86.18176,31.94915],[-86.182,31.9442],[-86.18002,31.942],[-86.17913,31.93897],[-86.1798,31.93595],[-86.17502,31.93102],[-86.17505,31.92604],[-86.17782,31.92511],[-86.17488,31.91777],[-86.17561,31.91403],[-86.17624,31.91381],[-86.17412,31.91023],[-86.1757,31.90854],[-86.17514,31.90724],[-86.17602,31.90198],[-86.17384,31.89916],[-86.17444,31.89609],[-86.17309,31.89239],[-86.17454,31.88803],[-86.1775,31.88629],[-86.17672,31.88389],[-86.17814,31.88253],[-86.17739,31.88118],[-86.17801,31.87983],[-86.17959,31.87857],[-86.17878,31.87548],[-86.17999,31.87347],[-86.17957,31.87215],[-86.18131,31.87172],[-86.18236,31.87014],[-86.18056,31.86972],[-86.17998,31.86562],[-86.18185,31.8658],[-86.18289,31.86446],[-86.18171,31.86275],[-86.18299,31.86122],[-86.18292,31.85752],[-86.18442,31.85073],[-86.18352,31.84647],[-86.18622,31.83872],[-86.186,31.83673],[-86.18295,31.83239],[-86.18824,31.82397],[-86.19181,31.8214],[-86.1936,31.81893],[-86.19312,31.81524],[-86.19406,31.81345],[-86.19285,31.81212],[-86.1946,31.81081],[-86.19554,31.81127],[-86.19594,31.80916],[-86.19809,31.80898],[-86.19941,31.80786],[-86.19938,31.79045],[-86.14834,31.79095],[-86.14699,31.76198],[-86.14711,31.663],[-86.15116,31.66248],[-86.15123,31.66164],[-86.15505,31.66158],[-86.1561,31.66047],[-86.15776,31.66023],[-86.15797,31.6609],[-86.16006,31.66023],[-86.15984,31.65758],[-86.15827,31.65753],[-86.16048,31.65727],[-86.16084,31.65626],[-86.16016,31.65561],[-86.16104,31.65577],[-86.16131,31.65319],[-86.16049,31.65109],[-86.15825,31.65133],[-86.15979,31.64985],[-86.15888,31.64754],[-86.16183,31.6446],[-86.16115,31.64343],[-86.16251,31.64324],[-86.16173,31.64131],[-86.16303,31.64068],[-86.16562,31.64116],[-86.16605,31.64005],[-86.16742,31.64075],[-86.16697,31.63959],[-86.16577,31.63928],[-86.16725,31.6384],[-86.16767,31.63971],[-86.16906,31.63934],[-86.16959,31.63739],[-86.17068,31.63726],[-86.17029,31.63552],[-86.16946,31.63633],[-86.16951,31.63477],[-86.16843,31.63471],[-86.16907,31.63332],[-86.1704,31.63269],[-86.17106,31.63408],[-86.17174,31.63225],[-86.17263,31.63224],[-86.17352,31.63078],[-86.1748,31.63163],[-86.17494,31.62932],[-86.17634,31.62971],[-86.17732,31.62829],[-86.17964,31.62755],[-86.17883,31.627],[-86.17987,31.62641],[-86.17877,31.62576],[-86.18006,31.62511],[-86.17855,31.62317],[-86.17907,31.62223],[-86.18,31.62252],[-86.18049,31.62136],[-86.179,31.61761],[-86.17967,31.61641],[-86.16293,31.61756],[-86.12383,31.61817],[-85.99995,31.61931],[-85.9267,31.61897]]]},"properties":{"GEOID":"01109","BASENAME":"Pike","NAME":"Pike County"}},{"type":"Feature","geometry":{"type":"Polygon","coordinates":[[[-86.74931,34.55908],[-86.75314,34.55567],[-86.75945,34.55285],[-86.77825,34.55012],[-86.7909,34.55089],[-86.81164,34.55451],[-86.83281,34.5554],[-86.84307,34.55836],[-86.85725,34.56587],[-86.86452,34.56865],[-86.90721,34.57979],[-86.92331,34.58669],[-86.95891,34.60709],[-86.9729,34.6132],[-86.99205,34.6273],[-87.0099,34.63566],[-87.01793,34.64031],[-87.02931,34.64976],[-87.03744,34.65225],[-87.04358,34.65172],[-87.04981,34.64974],[-87.0542,34.6511],[-87.06703,34.66031],[-87.08843,34.67153],[-87.09427,34.67648],[-87.09837,34.68128],[-87.10507,34.68604],[-87.10699,34.49898],[-87.11008,34.3865],[-87.11011,34.3138],[-87.09231,34.3123],[-86.97362,34.31155],[-86.85489,34.30836],[-86.58194,34.30469],[-86.58132,34.37109],[-86.56486,34.47222],[-86.55278,34.53995],[-86.55339,34.54251],[-86.54981,34.54723],[-86.55045,34.55363],[-86.55378,34.56203],[-86.55993,34.5699],[-86.57258,34.57828],[-86.58079,34.58193],[-86.59302,34.58281],[-86.60498,34.58064],[-86.61644,34.5759],[-86.62999,34.56432],[-86.6364,34.55495],[-86.64257,34.55017],[-86.64792,34.54881],[-86.65724,34.54987],[-86.66514,34.55209],[-86.6703,34.55521],[-86.67316,34.5581],[-86.67506,34.56282],[-86.67508,34.5746],[-86.67656,34.57779],[-86.68056,34.58227],[-86.68543,34.58514],[-86.68935,34.58642],[-86.70414,34.58901],[-86.71324,34.58722],[-86.72085,34.58332],[-86.74931,34.55908]]]},"properties":{"GEOID":"01103","BASENAME":"Morgan","NAME":"Morgan County"}},{"type":"Feature","geometry":{"type":"Polygon","coordinates":[[[-85.50165,33.49446],[-85.46844,33.49454],[-85.35257,33.49244],[-85.35258,33.49454],[-85.35446,33.49921],[-85.35208,33.49937],[-85.34996,33.50122],[-85.34774,33.50138],[-85.34624,33.50085],[-85.34618,33.49953],[-85.34407,33.49688],[-85.33396,33.49225],[-85.32234,33.48859],[-85.31603,33.48827],[-85.30925,33.48314],[-85.30887,33.48172],[-85.30444,33.48288],[-85.3574,33.7501],[-85.39884,33.96413],[-85.40764,33.9642],[-85.40783,33.96055],[-85.42544,33.96064],[-85.42563,33.95707],[-85.49529,33.95691],[-85.49582,33.94239],[-85.53009,33.94142],[-85.53248,33.88915],[-85.60186,33.88975],[-85.6019,33.87486],[-85.63701,33.87594],[-85.63713,33.8465],[-85.5852,33.84592],[-85.58598,33.80209],[-85.60339,33.80234],[-85.60347,33.78775],[-85.62089,33.78794],[-85.62125,33.77351],[-85.63805,33.77334],[-85.63858,33.64841],[-85.64704,33.64877],[-85.64719,33.64153],[-85.65128,33.64157],[-85.6513,33.63797],[-85.65555,33.63813],[-85.65581,33.62717],[-85.69068,33.62779],[-85.68995,33.61291],[-85.72495,33.61354],[-85.72452,33.59943],[-85.7423,33.60001],[-85.74249,33.5817],[-85.74412,33.55608],[-85.79605,33.55622],[-85.79685,33.54185],[-85.85087,33.49872],[-85.85189,33.49874],[-85.85242,33.49164],[-85.86931,33.49157],[-85.87005,33.47676],[-85.88767,33.47677],[-85.88778,33.46943],[-85.78274,33.46935],[-85.78269,33.48364],[-85.76563,33.48348],[-85.76543,33.49859],[-85.71361,33.49796],[-85.62434,33.49538],[-85.50165,33.49446]]]},"properties":{"GEOID":"01029","BASENAME":"Cleburne","NAME":"Cleburne County"}},{"type":"Feature","geometry":{"type":"Polygon","coordinates":[[[-86.3782,33.44624],[-86.37822,33.50241],[-86.48194,33.50254],[-86.48155,33.54607],[-86.51678,33.54602],[-86.5172,33.52414],[-86.54313,33.52458],[-86.54334,33.51729],[-86.56062,33.51751],[-86.56072,33.51063],[-86.56949,33.5106],[-86.56962,33.50335],[-86.57411,33.50326],[-86.574,33.49954],[-86.57808,33.49949],[-86.57786,33.49612],[-86.58707,33.49607],[-86.58705,33.48157],[-86.59581,33.48148],[-86.59576,33.47433],[-86.60459,33.47418],[-86.60463,33.46705],[-86.67442,33.46652],[-86.67445,33.45174],[-86.69202,33.45196],[-86.6921,33.44462],[-86.69631,33.44468],[-86.69634,33.44112],[-86.70064,33.44112],[-86.70035,33.43035],[-86.71775,33.43078],[-86.71788,33.41619],[-86.75234,33.41721],[-86.75237,33.399],[-86.75656,33.3991],[-86.75702,33.39573],[-86.76118,33.3956],[-86.76102,33.38832],[-86.77842,33.38866],[-86.77864,33.36688],[-86.80444,33.3675],[-86.80458,33.36337],[-86.81335,33.36363],[-86.81343,33.36053],[-86.8304,33.36077],[-86.83069,33.33201],[-86.88254,33.33296],[-86.88257,33.32565],[-86.89129,33.32579],[-86.89136,33.31866],[-86.89548,33.31869],[-86.89567,33.31502],[-86.89976,33.31507],[-86.89972,33.30777],[-86.90857,33.30769],[-86.90851,33.30396],[-86.91727,33.30379],[-86.91731,33.30021],[-86.92187,33.3003],[-86.92196,33.29653],[-86.92613,33.29653],[-86.92617,33.27816],[-86.93459,33.27816],[-86.93468,33.27449],[-86.94782,33.27445],[-86.94781,33.26711],[-86.96957,33.26747],[-86.96964,33.26016],[-86.97405,33.26011],[-86.9742,33.25659],[-86.97826,33.25659],[-86.97846,33.25291],[-86.98274,33.25299],[-86.98289,33.24601],[-87.02685,33.24646],[-87.02572,33.20972],[-87.02138,33.20978],[-87.0213,33.19145],[-87.02564,33.19144],[-87.0256,33.1658],[-87.00384,33.1658],[-87.00387,33.16201],[-86.97437,33.16171],[-86.97448,33.15823],[-86.96956,33.15814],[-86.96929,33.0984],[-86.95088,33.09858],[-86.95166,33.07874],[-86.93399,33.0788],[-86.93397,33.06406],[-86.91997,33.06432],[-86.91998,33.06104],[-86.91631,33.06104],[-86.91622,33.05715],[-86.8986,33.05706],[-86.89852,33.04981],[-86.88118,33.0499],[-86.88164,33.07186],[-86.84215,33.07092],[-86.82486,33.06991],[-86.82483,33.06853],[-86.82051,33.06844],[-86.61,33.07],[-86.60898,33.06845],[-86.60909,33.06644],[-86.61489,33.06425],[-86.61875,33.0603],[-86.61643,33.05386],[-86.61488,33.05351],[-86.60403,33.05509],[-86.60175,33.05429],[-86.60089,33.05012],[-86.59827,33.04624],[-86.59356,33.04356],[-86.58537,33.04073],[-86.58049,33.0346],[-86.56749,33.02742],[-86.56588,33.02549],[-86.564,33.0199],[-86.55049,33.01882],[-86.53686,33.02443],[-86.52298,33.02311],[-86.51734,33.02057],[-86.51658,33.02318],[-86.51645,33.04222],[-86.51944,33.04809],[-86.52045,33.05601],[-86.51888,33.05785],[-86.50797,33.0644],[-86.50603,33.06775],[-86.50701,33.0718],[-86.51147,33.08014],[-86.51211,33.08588],[-86.51114,33.08843],[-86.50905,33.0909],[-86.50556,33.0931],[-86.49349,33.09916],[-86.48828,33.10848],[-86.48415,33.11319],[-86.48029,33.11532],[-86.46609,33.11898],[-86.46132,33.122],[-86.45993,33.12512],[-86.46181,33.13101],[-86.46382,33.13382],[-86.46666,33.13627],[-86.47816,33.14185],[-86.48184,33.14554],[-86.48299,33.14828],[-86.48347,33.15952],[-86.48768,33.16696],[-86.49138,33.16995],[-86.50108,33.17278],[-86.50329,33.17487],[-86.50313,33.17914],[-86.49334,33.19704],[-86.49153,33.19927],[-86.48614,33.20187],[-86.48086,33.20159],[-86.47012,33.19591],[-86.46755,33.19593],[-86.46473,33.19712],[-86.46202,33.20002],[-86.46098,33.20293],[-86.46104,33.20763],[-86.4659,33.21996],[-86.46641,33.22621],[-86.46459,33.23098],[-86.45803,33.24143],[-86.45616,33.24297],[-86.45288,33.24387],[-86.44212,33.24121],[-86.43917,33.24092],[-86.43553,33.24199],[-86.43255,33.24434],[-86.42967,33.24822],[-86.42507,33.25743],[-86.42437,33.26056],[-86.42594,33.26506],[-86.4341,33.27551],[-86.43487,33.27947],[-86.43353,33.28262],[-86.43123,33.28345],[-86.42856,33.28274],[-86.42176,33.27697],[-86.41785,33.27501],[-86.41028,33.27294],[-86.40449,33.27275],[-86.39334,33.27543],[-86.3788,33.28621],[-86.36255,33.29165],[-86.35759,33.29555],[-86.35759,33.29854],[-86.36158,33.30913],[-86.36754,33.31838],[-86.36417,33.32883],[-86.36564,33.33295],[-86.36792,33.33636],[-86.36811,33.34167],[-86.36671,33.34423],[-86.36222,33.34692],[-86.35505,33.34767],[-86.35023,33.34717],[-86.34491,33.34851],[-86.34183,33.35073],[-86.34111,33.3546],[-86.35286,33.37254],[-86.36198,33.37833],[-86.37352,33.38301],[-86.37848,33.38719],[-86.37901,33.3892],[-86.3782,33.44624]]]},"properties":{"GEOID":"01117","BASENAME":"Shelby","NAME":"Shelby County"}},{"type":"Feature","geometry":{"type":"Polygon","coordinates":[[[-88.42133,32.30975],[-88.42145,32.30868],[-88.23844,32.30744],[-87.93066,32.31057],[-87.94197,32.31465],[-87.94812,32.32501],[-87.95189,32.32891],[-87.96391,32.33277],[-87.96727,32.34108],[-87.97094,32.34435],[-87.98154,32.3426],[-87.98518,32.34331],[-87.99386,32.34723],[-87.99867,32.35082],[-88.00002,32.35319],[-88.00801,32.35886],[-88.01714,32.369],[-88.01948,32.37046],[-88.04158,32.3725],[-88.04562,32.37514],[-88.04633,32.37709],[-88.04616,32.38007],[-88.0445,32.38548],[-88.04458,32.39156],[-88.04232,32.41027],[-88.04033,32.41997],[-88.03843,32.42504],[-88.035,32.43058],[-88.03162,32.43361],[-88.0219,32.43893],[-88.00847,32.44465],[-88.00002,32.4518],[-87.99457,32.45524],[-87.97998,32.45624],[-87.97506,32.45756],[-87.96252,32.4657],[-87.95621,32.47041],[-87.95415,32.47297],[-87.94507,32.49125],[-87.93061,32.50014],[-87.91818,32.51471],[-87.90908,32.52088],[-87.90496,32.52268],[-87.90126,32.52317],[-87.89177,32.52186],[-87.8814,32.52154],[-87.87501,32.52012],[-87.86649,32.51691],[-87.85563,32.5151],[-87.85268,32.5152],[-87.84485,32.51799],[-87.84342,32.519],[-87.8421,32.5216],[-87.84151,32.52557],[-87.84432,32.52911],[-87.85086,32.53165],[-87.86242,32.53274],[-87.87381,32.54429],[-87.87464,32.54827],[-87.87273,32.55548],[-87.87402,32.56188],[-87.87368,32.56743],[-87.87501,32.57182],[-87.88,32.57889],[-87.88774,32.58608],[-87.89836,32.59232],[-87.89866,32.59344],[-87.89859,32.5988],[-87.89577,32.60238],[-87.88819,32.60419],[-87.88263,32.60972],[-87.87501,32.60973],[-87.86676,32.60878],[-87.86249,32.60707],[-87.86221,32.60564],[-87.86464,32.59839],[-87.8638,32.5957],[-87.85875,32.58978],[-87.85541,32.5901],[-87.85135,32.59843],[-87.84378,32.60091],[-87.8411,32.60386],[-87.84089,32.60576],[-87.84395,32.61028],[-87.84989,32.61217],[-87.853,32.61402],[-87.85551,32.61846],[-87.85812,32.62079],[-87.87895,32.62205],[-87.88779,32.61767],[-87.90484,32.61458],[-87.90619,32.61556],[-87.90784,32.6206],[-87.91674,32.62855],[-87.92226,32.63124],[-87.92729,32.63226],[-87.93078,32.63205],[-87.93974,32.62653],[-87.94615,32.62694],[-87.94881,32.62624],[-87.96896,32.61665],[-87.977,32.61078],[-87.98016,32.60969],[-88.01144,32.60035],[-88.03691,32.59842],[-88.05494,32.59295],[-88.05733,32.59344],[-88.05848,32.59454],[-88.06316,32.6048],[-88.07916,32.61968],[-88.08082,32.62273],[-88.08127,32.62668],[-88.07902,32.63859],[-88.07703,32.64077],[-88.07313,32.64203],[-88.06114,32.64079],[-88.05619,32.64408],[-88.055,32.64648],[-88.05266,32.66077],[-88.05347,32.66333],[-88.05822,32.67046],[-88.05799,32.67438],[-88.05209,32.6797],[-88.04351,32.68501],[-88.0409,32.68767],[-88.04094,32.69028],[-88.04509,32.69387],[-88.05365,32.69736],[-88.05874,32.69135],[-88.07033,32.68655],[-88.08064,32.68366],[-88.0933,32.6838],[-88.11009,32.69076],[-88.11463,32.69495],[-88.11676,32.69853],[-88.11586,32.70104],[-88.11475,32.70169],[-88.10979,32.70229],[-88.10334,32.70184],[-88.09668,32.70361],[-88.08785,32.70738],[-88.08538,32.70905],[-88.08458,32.71402],[-88.08149,32.72056],[-88.08378,32.72465],[-88.08958,32.73129],[-88.09973,32.73758],[-88.10334,32.7427],[-88.10679,32.75013],[-88.10669,32.75959],[-88.10916,32.76541],[-88.10989,32.76923],[-88.10881,32.77266],[-88.10494,32.77777],[-88.10298,32.77943],[-88.10022,32.78016],[-88.08762,32.7777],[-88.08344,32.77441],[-88.07934,32.77295],[-88.07777,32.77332],[-88.07588,32.77451],[-88.07107,32.78188],[-88.06699,32.78449],[-88.064,32.79067],[-88.06804,32.79805],[-88.07353,32.8049],[-88.07481,32.80536],[-88.07918,32.80449],[-88.09869,32.79588],[-88.10093,32.7957],[-88.10375,32.79691],[-88.10541,32.79841],[-88.10967,32.80592],[-88.11776,32.81198],[-88.1211,32.81559],[-88.12502,32.82391],[-88.12889,32.82902],[-88.13268,32.83285],[-88.13507,32.83377],[-88.1374,32.8342],[-88.14325,32.83186],[-88.14457,32.83093],[-88.14728,32.82487],[-88.15204,32.82385],[-88.15712,32.82521],[-88.16126,32.82992],[-88.17076,32.82733],[-88.17679,32.82799],[-88.17834,32.82853],[-88.17973,32.8302],[-88.18179,32.83408],[-88.18154,32.83609],[-88.17805,32.83814],[-88.17141,32.83719],[-88.16708,32.83762],[-88.15854,32.84579],[-88.15497,32.85287],[-88.15481,32.85582],[-88.15571,32.85898],[-88.15696,32.86037],[-88.16036,32.86107],[-88.16567,32.86069],[-88.1716,32.8675],[-88.18084,32.87272],[-88.18309,32.87842],[-88.18319,32.89315],[-88.18975,32.91073],[-88.19106,32.912],[-88.2003,32.91477],[-88.2033,32.91682],[-88.2048,32.91803],[-88.2075,32.92406],[-88.20639,32.92563],[-88.20061,32.92922],[-88.19832,32.93558],[-88.1963,32.93565],[-88.18895,32.93229],[-88.17967,32.93133],[-88.17533,32.93209],[-88.17319,32.93521],[-88.17127,32.93921],[-88.17124,32.94127],[-88.1723,32.94289],[-88.18236,32.94569],[-88.1872,32.95205],[-88.18915,32.95845],[-88.18528,32.96188],[-88.18406,32.96245],[-88.18218,32.96203],[-88.17692,32.95677],[-88.16689,32.95403],[-88.16528,32.95432],[-88.16102,32.95749],[-88.15806,32.96091],[-88.15735,32.96458],[-88.1648,32.96874],[-88.16849,32.97213],[-88.16865,32.98108],[-88.17242,32.98763],[-88.17147,32.99194],[-88.17185,32.99586],[-88.2329,32.9949],[-88.34043,32.9912],[-88.35429,32.87513],[-88.36813,32.74897],[-88.37334,32.71182],[-88.40384,32.44877],[-88.4125,32.38004],[-88.41382,32.37392],[-88.42133,32.30975]]]},"properties":{"GEOID":"01119","BASENAME":"Sumter","NAME":"Sumter County"}},{"type":"Feature","geometry":{"type":"Polygon","coordinates":[[[-87.63657,34.12508],[-87.63612,34.0022],[-87.57402,34.0005],[-87.50002,33.99663],[-87.21674,33.99391],[-87.21457,33.99219],[-87.20771,33.98946],[-87.20676,33.98731],[-87.20473,33.98567],[-87.20003,33.98488],[-87.19855,33.98696],[-87.19662,33.99317],[-87.18981,34.003],[-87.18491,34.0037],[-87.18041,34.0027],[-87.17111,34.0053],[-87.16891,34.0051],[-87.15929,33.999],[-87.15583,33.99787],[-87.15104,33.99322],[-87.11199,33.99238],[-87.11215,34.1251],[-87.11021,34.2263],[-87.10991,34.2993],[-87.30249,34.2994],[-87.50042,34.3045],[-87.56462,34.3051],[-87.63472,34.307],[-87.63439,34.21123],[-87.63657,34.12508]]]},"properties":{"GEOID":"01133","BASENAME":"Winston","NAME":"Winston County"}},{"type":"Feature","geometry":{"type":"Polygon","coordinates":[[[-88.20598,34.0688],[-88.20723,34.05833],[-88.02182,34.05374],[-87.98693,34.0521],[-87.98743,34.0229],[-87.95193,34.0222],[-87.95179,33.91993],[-87.88187,33.91892],[-87.86324,33.91951],[-87.73958,33.91472],[-87.63593,33.91525],[-87.63657,34.12508],[-87.63439,34.21123],[-87.63472,34.307],[-87.71903,34.31],[-87.82293,34.311],[-87.94003,34.3132],[-88.02807,34.31561],[-88.17363,34.32105],[-88.18667,34.22095],[-88.18762,34.20477],[-88.1907,34.19002],[-88.20598,34.0688]]]},"properties":{"GEOID":"01093","BASENAME":"Marion","NAME":"Marion County"}},{"type":"Feature","geometry":{"type":"Polygon","coordinates":[[[-87.8053,31.99046],[-87.75,31.99011],[-87.66777,31.99135],[-87.66795,32.00216],[-87.62276,32.00548],[-87.62401,32.13235],[-87.52195,32.13282],[-87.52341,32.25483],[-87.51895,32.26157],[-87.51407,32.26599],[-87.50953,32.26707],[-87.506,32.26693],[-87.50425,32.26888],[-87.50201,32.26892],[-87.5008,32.268],[-87.4944,32.26851],[-87.49257,32.26746],[-87.48739,32.2681],[-87.48286,32.26613],[-87.47695,32.26801],[-87.47525,32.26579],[-87.47221,32.26492],[-87.47308,32.30761],[-87.52429,32.30729],[-87.52568,32.37975],[-87.52438,32.38979],[-87.52448,32.48203],[-87.6633,32.48074],[-87.72874,32.48092],[-87.72852,32.52453],[-87.81256,32.52456],[-87.81601,32.51852],[-87.81862,32.51791],[-87.82338,32.52044],[-87.82391,32.52872],[-87.82259,32.53298],[-87.81678,32.53653],[-87.81748,32.53859],[-87.82335,32.54427],[-87.82779,32.54521],[-87.83794,32.54557],[-87.84379,32.54721],[-87.84514,32.54669],[-87.8506,32.53904],[-87.85342,32.53347],[-87.85342,32.53209],[-87.84843,32.53107],[-87.84432,32.52911],[-87.84151,32.52557],[-87.8421,32.5216],[-87.84342,32.519],[-87.84485,32.51799],[-87.85268,32.5152],[-87.85563,32.5151],[-87.86649,32.51691],[-87.87501,32.52012],[-87.8814,32.52154],[-87.89177,32.52186],[-87.90126,32.52317],[-87.90496,32.52268],[-87.90908,32.52088],[-87.91818,32.51471],[-87.93061,32.50014],[-87.94507,32.49125],[-87.95415,32.47297],[-87.95621,32.47041],[-87.96252,32.4657],[-87.97506,32.45756],[-87.97998,32.45624],[-87.99457,32.45524],[-88.00002,32.4518],[-88.00847,32.44465],[-88.0219,32.43893],[-88.03162,32.43361],[-88.035,32.43058],[-88.03843,32.42504],[-88.04033,32.41997],[-88.04232,32.41027],[-88.04458,32.39156],[-88.0445,32.38548],[-88.04616,32.38007],[-88.04633,32.37709],[-88.04562,32.37514],[-88.04158,32.3725],[-88.01948,32.37046],[-88.01714,32.369],[-88.00801,32.35886],[-88.00002,32.35319],[-87.99867,32.35082],[-87.99386,32.34723],[-87.98518,32.34331],[-87.98154,32.3426],[-87.97094,32.34435],[-87.96727,32.34108],[-87.96391,32.33277],[-87.95189,32.32891],[-87.94812,32.32501],[-87.94197,32.31465],[-87.92971,32.31007],[-87.92869,32.30793],[-87.93158,32.30063],[-87.9318,32.29727],[-87.92825,32.28784],[-87.9287,32.28552],[-87.93355,32.28237],[-87.94289,32.28205],[-87.94465,32.28295],[-87.94554,32.28478],[-87.94469,32.28681],[-87.94117,32.28925],[-87.9382,32.29372],[-87.93676,32.30166],[-87.93795,32.30301],[-87.94169,32.30511],[-87.94573,32.3051],[-87.94835,32.30409],[-87.95085,32.30146],[-87.95744,32.29812],[-87.96564,32.29715],[-87.96899,32.29937],[-87.9728,32.30587],[-87.97729,32.30822],[-87.98174,32.30541],[-87.99012,32.29469],[-88.00002,32.29716],[-88.00236,32.29724],[-88.00619,32.29526],[-88.00732,32.2932],[-88.0072,32.29114],[-88.00611,32.29028],[-88.00433,32.28305],[-88.00682,32.28229],[-88.01598,32.28574],[-88.01915,32.28524],[-88.02012,32.27177],[-88.01851,32.26894],[-88.01346,32.26566],[-88.00945,32.2617],[-88.00842,32.25521],[-88.00866,32.24911],[-88.01266,32.24392],[-88.01523,32.23802],[-88.01456,32.23375],[-88.0099,32.22645],[-88.00752,32.21932],[-88.00843,32.21334],[-88.01277,32.20305],[-88.01254,32.20083],[-88.00812,32.19182],[-88.00708,32.18531],[-88.01315,32.16344],[-88.01789,32.15083],[-88.02137,32.14495],[-88.02394,32.14375],[-88.02903,32.14503],[-88.03581,32.14501],[-88.03738,32.14417],[-88.03945,32.14129],[-88.04273,32.12111],[-88.05031,32.10832],[-88.05206,32.1035],[-88.0522,32.10177],[-88.05087,32.09869],[-88.04574,32.09344],[-88.04473,32.09111],[-88.04374,32.08414],[-88.04471,32.08226],[-88.05484,32.07721],[-88.05769,32.07485],[-88.06816,32.06241],[-88.07062,32.0617],[-88.07259,32.06248],[-88.07807,32.06724],[-88.08477,32.07082],[-88.09157,32.07107],[-88.09589,32.06985],[-88.10047,32.0671],[-88.11741,32.05508],[-88.11834,32.05113],[-88.1134,32.04118],[-88.11328,32.0374],[-88.11743,32.01682],[-88.11358,32.00624],[-88.10403,31.99684],[-88.09507,31.99308],[-88.09262,31.99327],[-88.09133,31.99479],[-88.09085,31.99686],[-88.09407,32.00225],[-88.09422,32.00373],[-88.09327,32.00642],[-88.09054,32.00705],[-88.08843,32.00618],[-88.08648,32.00419],[-88.08366,31.99839],[-88.07349,31.99018],[-87.8053,31.99046]]]},"properties":{"GEOID":"01091","BASENAME":"Marengo","NAME":"Marengo County"}},{"type":"Feature","geometry":{"type":"Polygon","coordinates":[[[-85.85393,33.9501],[-85.84639,33.95002],[-85.84617,33.95726],[-85.81141,33.94714],[-85.74996,33.93738],[-85.74097,33.9353],[-85.73714,33.9892],[-85.79687,34.0995],[-85.79767,34.1044],[-85.79712,34.10902],[-85.79483,34.11509],[-85.79066,34.12222],[-85.79101,34.1251],[-85.79426,34.12788],[-85.7971,34.12871],[-85.80974,34.12574],[-85.81412,34.12374],[-85.83321,34.10994],[-85.84137,34.11069],[-85.84362,34.20001],[-85.99997,34.19926],[-86.10609,34.20076],[-86.10561,34.18623],[-86.16716,34.18747],[-86.17019,34.1864],[-86.17122,34.18514],[-86.17214,34.18532],[-86.17466,34.18271],[-86.17752,34.1843],[-86.18139,34.18239],[-86.18814,34.18368],[-86.19133,34.18178],[-86.19353,34.18166],[-86.19616,34.17843],[-86.20047,34.17703],[-86.30345,34.09916],[-86.32266,34.07229],[-86.33239,34.04648],[-86.33272,33.98611],[-86.33569,33.98359],[-86.33366,33.98209],[-86.33599,33.98123],[-86.33706,33.97699],[-86.34165,33.97735],[-86.34094,33.97314],[-86.33934,33.97148],[-86.34459,33.96775],[-86.3444,33.96474],[-86.34775,33.96414],[-86.34814,33.96159],[-86.35142,33.96035],[-86.35082,33.95851],[-86.34949,33.95769],[-86.35,33.95638],[-86.35398,33.95377],[-86.35882,33.95279],[-86.35974,33.94949],[-86.36133,33.94833],[-86.36107,33.9469],[-86.36586,33.94327],[-86.36854,33.94261],[-86.37015,33.93977],[-86.32562,33.94015],[-86.32602,33.94345],[-86.32335,33.94608],[-86.32215,33.94931],[-86.31898,33.95226],[-86.31878,33.95574],[-86.31583,33.95695],[-86.31362,33.95668],[-86.31241,33.95761],[-86.31208,33.95909],[-86.30796,33.96205],[-86.29013,33.98372],[-86.28217,33.98373],[-86.27783,33.9893],[-86.27442,33.98863],[-86.27144,33.98469],[-86.27053,33.98461],[-86.27148,33.9818],[-86.26838,33.97884],[-86.26784,33.97531],[-86.26111,33.97111],[-86.25935,33.97149],[-86.25617,33.97058],[-86.25158,33.9656],[-86.24666,33.97154],[-86.24544,33.9715],[-86.24481,33.97262],[-86.23946,33.97516],[-86.23792,33.97778],[-86.23517,33.97844],[-86.23021,33.98279],[-86.22643,33.98223],[-86.22519,33.98339],[-86.2227,33.98374],[-86.22167,33.98572],[-86.21872,33.98575],[-86.21553,33.98742],[-86.21231,33.98766],[-86.20824,33.98641],[-86.19895,33.9889],[-86.1972,33.98542],[-86.18977,33.98345],[-86.19064,33.97895],[-86.18967,33.97777],[-86.19263,33.97385],[-86.19215,33.97308],[-86.18891,33.97304],[-86.18732,33.97047],[-86.18469,33.97245],[-86.1815,33.97152],[-86.1793,33.97075],[-86.17567,33.96629],[-86.17416,33.96593],[-86.17341,33.96682],[-86.1727,33.96554],[-86.17078,33.96605],[-86.17026,33.96405],[-86.16798,33.96511],[-86.16742,33.95937],[-86.16624,33.95719],[-86.16728,33.95224],[-86.16622,33.95105],[-86.16521,33.9474],[-86.1676,33.94224],[-86.16703,33.94054],[-86.16754,33.94008],[-86.16493,33.9382],[-86.1662,33.93573],[-86.16531,33.93335],[-86.16724,33.93327],[-86.1664,33.93172],[-86.16664,33.93037],[-86.1659,33.92993],[-86.16701,33.92851],[-86.16457,33.92778],[-86.16538,33.9265],[-86.16246,33.92527],[-86.15984,33.92251],[-86.15631,33.92102],[-86.15494,33.92156],[-86.15359,33.92027],[-86.14941,33.92065],[-86.14756,33.91908],[-86.14596,33.9166],[-86.14576,33.91351],[-86.14391,33.9119],[-86.14261,33.90756],[-86.14303,33.90421],[-86.14173,33.90325],[-86.14272,33.89939],[-86.14067,33.89967],[-86.14035,33.89862],[-86.13472,33.89654],[-86.13216,33.89742],[-86.12944,33.90267],[-86.12626,33.90273],[-86.12412,33.90027],[-86.12027,33.9],[-86.11367,33.90378],[-86.11032,33.90335],[-86.10873,33.90212],[-86.10814,33.89998],[-86.11047,33.894],[-86.10942,33.88775],[-86.11177,33.8864],[-86.10923,33.88338],[-86.10889,33.8812],[-86.10637,33.87983],[-86.1061,33.87874],[-86.10238,33.87688],[-86.10036,33.87402],[-86.1007,33.86887],[-86.09938,33.86547],[-86.10099,33.86442],[-86.10034,33.86315],[-86.09813,33.86368],[-86.09771,33.86165],[-86.09667,33.86136],[-86.09006,33.86286],[-86.08121,33.86206],[-86.07312,33.86578],[-86.07035,33.86623],[-86.0654,33.86458],[-86.06146,33.86215],[-86.05698,33.85778],[-86.05537,33.8538],[-86.05441,33.84798],[-86.05507,33.84522],[-86.06527,33.8422],[-86.04907,33.8416],[-86.04877,33.8527],[-86.02127,33.8515],[-86.02147,33.8661],[-85.99517,33.8649],[-85.99497,33.8796],[-85.98637,33.8792],[-85.98647,33.8937],[-85.96917,33.8929],[-85.96917,33.9146],[-85.95177,33.9136],[-85.95177,33.9209],[-85.93447,33.921],[-85.93427,33.9064],[-85.89957,33.9064],[-85.89967,33.943],[-85.88187,33.9431],[-85.88177,33.9503],[-85.85393,33.9501]]]},"properties":{"GEOID":"01055","BASENAME":"Etowah","NAME":"Etowah County"}},{"type":"Feature","geometry":{"type":"Polygon","coordinates":[[[-88.43372,32.20902],[-88.47323,31.89386],[-88.46443,31.69795],[-88.08829,31.6993],[-88.09235,31.71499],[-88.09338,31.73752],[-88.10492,31.7608],[-88.10954,31.76239],[-88.11818,31.76194],[-88.12203,31.76077],[-88.1285,31.75709],[-88.13293,31.75332],[-88.13834,31.75118],[-88.14262,31.75249],[-88.14486,31.75405],[-88.15426,31.76191],[-88.16124,31.76997],[-88.16405,31.77722],[-88.16527,31.78897],[-88.17835,31.8099],[-88.18038,31.81455],[-88.1805,31.82013],[-88.17592,31.82355],[-88.17261,31.82487],[-88.1701,31.82775],[-88.16194,31.8408],[-88.16109,31.84773],[-88.15897,31.85258],[-88.1565,31.85564],[-88.14574,31.85996],[-88.1427,31.86264],[-88.14042,31.87097],[-88.13475,31.88426],[-88.12943,31.90494],[-88.12725,31.90659],[-88.12339,31.90702],[-88.11488,31.90623],[-88.10529,31.9097],[-88.09685,31.90929],[-88.08865,31.91078],[-88.08417,31.91353],[-88.07566,31.92268],[-88.06803,31.92326],[-88.05953,31.92031],[-88.05679,31.92176],[-88.0547,31.925],[-88.05587,31.92837],[-88.05927,31.93176],[-88.06531,31.93631],[-88.06772,31.9369],[-88.07575,31.93049],[-88.08922,31.92179],[-88.09115,31.92321],[-88.09777,31.93436],[-88.10411,31.94157],[-88.10635,31.94221],[-88.1087,31.94179],[-88.11507,31.93876],[-88.11656,31.93878],[-88.12258,31.94767],[-88.12259,31.94903],[-88.12141,31.95026],[-88.10078,31.96335],[-88.09668,31.96502],[-88.09238,31.96466],[-88.08738,31.96249],[-88.08466,31.9598],[-88.08091,31.95391],[-88.07825,31.95353],[-88.07076,31.95865],[-88.06952,31.96074],[-88.07507,31.97018],[-88.07593,31.97546],[-88.07549,31.97742],[-88.0743,31.97898],[-88.06632,31.98258],[-88.06922,31.98658],[-88.08366,31.99839],[-88.08648,32.00419],[-88.08843,32.00618],[-88.09209,32.00705],[-88.09402,32.00537],[-88.09407,32.00225],[-88.09085,31.99686],[-88.09262,31.99327],[-88.09507,31.99308],[-88.10403,31.99684],[-88.11358,32.00624],[-88.11743,32.01682],[-88.11709,32.02074],[-88.11418,32.03117],[-88.1134,32.04118],[-88.11767,32.04897],[-88.11821,32.05344],[-88.11741,32.05508],[-88.11409,32.05806],[-88.10047,32.0671],[-88.09589,32.06985],[-88.09157,32.07107],[-88.08477,32.07082],[-88.07807,32.06724],[-88.07259,32.06248],[-88.07062,32.0617],[-88.06816,32.06241],[-88.05769,32.07485],[-88.05484,32.07721],[-88.04591,32.08149],[-88.0439,32.08333],[-88.04388,32.08645],[-88.04574,32.09344],[-88.05087,32.09869],[-88.0522,32.10177],[-88.05031,32.10832],[-88.04273,32.12111],[-88.03945,32.14129],[-88.03738,32.14417],[-88.03581,32.14501],[-88.02903,32.14503],[-88.02394,32.14375],[-88.02051,32.14603],[-88.01789,32.15083],[-88.01315,32.16344],[-88.00708,32.18531],[-88.00812,32.19182],[-88.01254,32.20083],[-88.01277,32.20305],[-88.00843,32.21334],[-88.00752,32.21932],[-88.0099,32.22645],[-88.01456,32.23375],[-88.01523,32.23802],[-88.01266,32.24392],[-88.00866,32.24911],[-88.00882,32.2591],[-88.00945,32.2617],[-88.01146,32.26402],[-88.01851,32.26894],[-88.02012,32.27177],[-88.01915,32.28524],[-88.01598,32.28574],[-88.00682,32.28229],[-88.00433,32.28305],[-88.00611,32.29028],[-88.0072,32.29114],[-88.00732,32.2932],[-88.00619,32.29526],[-88.00236,32.29724],[-88.00002,32.29716],[-87.99012,32.29469],[-87.98174,32.30541],[-87.97729,32.30822],[-87.9728,32.30587],[-87.96899,32.29937],[-87.96564,32.29715],[-87.95744,32.29812],[-87.95085,32.30146],[-87.94835,32.30409],[-87.94573,32.3051],[-87.94169,32.30511],[-87.93795,32.30301],[-87.93676,32.30166],[-87.9382,32.29372],[-87.94117,32.28925],[-87.94469,32.28681],[-87.94554,32.28478],[-87.94465,32.28295],[-87.94289,32.28205],[-87.93355,32.28237],[-87.9287,32.28552],[-87.92825,32.28784],[-87.9318,32.29727],[-87.93158,32.30063],[-87.92869,32.30793],[-87.92971,32.31007],[-87.93066,32.31057],[-88.23844,32.30744],[-88.42145,32.30868],[-88.43372,32.20902]]]},"properties":{"GEOID":"01023","BASENAME":"Choctaw","NAME":"Choctaw County"}},{"type":"Feature","geometry":{"type":"Polygon","coordinates":[[[-85.69695,32.66833],[-85.69565,32.58203],[-85.66125,32.58233],[-85.66105,32.56793],[-85.59302,32.53995],[-85.58125,32.53333],[-85.56558,32.52861],[-85.48935,32.49694],[-85.43857,32.49709],[-85.43404,32.40984],[-85.33014,32.41084],[-85.33384,32.46864],[-85.05929,32.47291],[-85.06078,32.50918],[-85.00102,32.51016],[-85.00153,32.51474],[-85.00638,32.51849],[-85.0071,32.52387],[-85.01441,32.52657],[-85.01581,32.52843],[-85.01488,32.53014],[-85.01526,32.53111],[-85.01853,32.5344],[-85.02024,32.53475],[-85.02204,32.54004],[-85.0208,32.54276],[-85.02365,32.54295],[-85.02619,32.54484],[-85.03139,32.54417],[-85.03304,32.54695],[-85.03347,32.55089],[-85.03573,32.55396],[-85.03816,32.55441],[-85.03982,32.55611],[-85.04262,32.5558],[-85.04366,32.55652],[-85.04486,32.55771],[-85.04461,32.5595],[-85.04547,32.56172],[-85.04806,32.56391],[-85.04998,32.56435],[-85.05693,32.57124],[-85.05669,32.57331],[-85.0579,32.57465],[-85.06198,32.57825],[-85.06753,32.57955],[-85.07897,32.60017],[-85.08059,32.60471],[-85.08077,32.61015],[-85.0823,32.61239],[-85.08224,32.61626],[-85.08794,32.62052],[-85.09089,32.62513],[-85.09004,32.62764],[-85.08614,32.62944],[-85.08384,32.63194],[-85.08374,32.63334],[-85.08274,32.63404],[-85.08312,32.63616],[-85.08494,32.63664],[-85.09004,32.63404],[-85.09451,32.6346],[-85.09668,32.6362],[-85.09622,32.63483],[-85.10009,32.63458],[-85.0989,32.63693],[-85.10039,32.63712],[-85.10155,32.64039],[-85.10453,32.64101],[-85.10424,32.64204],[-85.10543,32.64493],[-85.10434,32.64643],[-85.09834,32.65203],[-85.08974,32.65563],[-85.08848,32.65776],[-85.09146,32.66083],[-85.09114,32.66224],[-85.09304,32.66443],[-85.09354,32.66973],[-85.09604,32.67183],[-85.09834,32.67523],[-85.10034,32.67593],[-85.10404,32.67963],[-85.11264,32.68343],[-85.11474,32.68563],[-85.11534,32.68943],[-85.11704,32.69203],[-85.11724,32.69653],[-85.11944,32.70343],[-85.11924,32.70553],[-85.12004,32.70653],[-85.11814,32.70943],[-85.12184,32.71263],[-85.12274,32.71603],[-85.12084,32.72293],[-85.11614,32.72743],[-85.11414,32.73043],[-85.11317,32.73281],[-85.11333,32.73575],[-85.11676,32.73994],[-85.12263,32.74199],[-85.12824,32.74223],[-85.13314,32.74463],[-85.13504,32.74653],[-85.28484,32.74513],[-85.28504,32.73073],[-85.40455,32.73053],[-85.40481,32.73773],[-85.41345,32.73743],[-85.41345,32.74473],[-85.43055,32.74503],[-85.43055,32.73033],[-85.48205,32.73053],[-85.48185,32.73783],[-85.49075,32.73773],[-85.49066,32.73063],[-85.56807,32.72902],[-85.56808,32.7365],[-85.57675,32.73636],[-85.57679,32.72885],[-85.60999,32.72795],[-85.61025,32.71393],[-85.67985,32.71253],[-85.67965,32.69793],[-85.69675,32.69743],[-85.69695,32.66833]]]},"properties":{"GEOID":"01081","BASENAME":"Lee","NAME":"Lee County"}},{"type":"Feature","geometry":{"type":"Polygon","coordinates":[[[-86.58826,32.36775],[-86.58187,32.37502],[-86.57697,32.37606],[-86.57055,32.37501],[-86.55895,32.36903],[-86.5479,32.36924],[-86.54404,32.36636],[-86.54254,32.36352],[-86.53925,32.3452],[-86.53722,32.34126],[-86.53253,32.33878],[-86.49378,32.34487],[-86.49087,32.34677],[-86.48973,32.35079],[-86.49264,32.36032],[-86.4919,32.36433],[-86.486,32.36694],[-86.48342,32.36667],[-86.4789,32.36437],[-86.47635,32.36456],[-86.47068,32.3716],[-86.4625,32.37814],[-86.46175,32.38082],[-86.46257,32.38837],[-86.45914,32.39578],[-86.46105,32.40157],[-86.46128,32.40347],[-86.46056,32.4047],[-86.45876,32.40573],[-86.45562,32.40581],[-86.45128,32.40369],[-86.4477,32.4007],[-86.44472,32.39984],[-86.44088,32.40002],[-86.42507,32.40244],[-86.41117,32.40994],[-86.41234,32.50368],[-86.41312,32.70739],[-86.43963,32.70821],[-86.49998,32.70716],[-86.71422,32.70569],[-86.71339,32.66173],[-86.81657,32.66012],[-86.91461,32.66435],[-86.91812,32.66377],[-86.92032,32.6604],[-86.9212,32.65647],[-86.91805,32.65419],[-86.91815,32.65136],[-86.91505,32.65029],[-86.91319,32.64802],[-86.91471,32.64676],[-86.91764,32.64681],[-86.91886,32.64382],[-86.9181,32.64206],[-86.91592,32.64046],[-86.91608,32.63864],[-86.91378,32.63735],[-86.91288,32.63236],[-86.91174,32.63153],[-86.91086,32.62909],[-86.91123,32.62702],[-86.91282,32.62505],[-86.91115,32.62351],[-86.91232,32.61984],[-86.90954,32.61766],[-86.91016,32.61563],[-86.90962,32.6137],[-86.91225,32.61146],[-86.90953,32.61077],[-86.90988,32.60819],[-86.90589,32.60808],[-86.90859,32.60642],[-86.90665,32.60435],[-86.90568,32.601],[-86.90623,32.59748],[-86.90365,32.59261],[-86.9053,32.59081],[-86.9054,32.58888],[-86.90473,32.58769],[-86.90277,32.58717],[-86.9039,32.58374],[-86.90194,32.58221],[-86.90146,32.57992],[-86.89871,32.57745],[-86.90137,32.57483],[-86.90015,32.56931],[-86.89797,32.56685],[-86.89914,32.56424],[-86.89946,32.56041],[-86.9005,32.55888],[-86.8996,32.55699],[-86.90473,32.55407],[-86.90373,32.55103],[-86.90513,32.54939],[-86.90669,32.54352],[-86.90392,32.54207],[-86.9031,32.54063],[-86.90351,32.53992],[-86.90604,32.53996],[-86.90674,32.53698],[-86.9032,32.53696],[-86.90194,32.53586],[-86.90109,32.53249],[-86.90382,32.53047],[-86.90149,32.52925],[-86.89951,32.5254],[-86.89506,32.5215],[-86.89531,32.5164],[-86.89462,32.5149],[-86.89048,32.51352],[-86.89163,32.51092],[-86.88962,32.51018],[-86.89067,32.50541],[-86.89037,32.50245],[-86.88726,32.50109],[-86.88505,32.49829],[-86.88469,32.49657],[-86.88185,32.49549],[-86.88305,32.49381],[-86.88237,32.4921],[-86.8841,32.49086],[-86.87922,32.48779],[-86.87909,32.48641],[-86.88046,32.48359],[-86.88448,32.48299],[-86.88516,32.48223],[-86.88421,32.48134],[-86.88162,32.48102],[-86.88129,32.47963],[-86.87794,32.47882],[-86.8769,32.47429],[-86.87528,32.47265],[-86.87348,32.47246],[-86.87381,32.46976],[-86.87311,32.46863],[-86.87072,32.46904],[-86.86914,32.46834],[-86.87059,32.46714],[-86.87117,32.46495],[-86.86969,32.45851],[-86.86442,32.45835],[-86.86243,32.45645],[-86.85995,32.45063],[-86.86138,32.44948],[-86.86231,32.44684],[-86.86461,32.44572],[-86.86492,32.44415],[-86.86632,32.44364],[-86.86573,32.44161],[-86.8669,32.4403],[-86.86666,32.4378],[-86.86553,32.43784],[-86.86433,32.43944],[-86.86242,32.43869],[-86.85966,32.44022],[-86.8572,32.43837],[-86.85357,32.43893],[-86.8499,32.43833],[-86.84152,32.43179],[-86.82837,32.42821],[-86.82439,32.42473],[-86.82519,32.42252],[-86.82808,32.42075],[-86.83639,32.42014],[-86.84378,32.41707],[-86.84545,32.41542],[-86.84615,32.40972],[-86.84376,32.40042],[-86.84238,32.39828],[-86.83934,32.39457],[-86.83364,32.38964],[-86.83008,32.38246],[-86.82724,32.37882],[-86.81766,32.37306],[-86.8154,32.37082],[-86.80738,32.35436],[-86.80687,32.35178],[-86.80744,32.34859],[-86.80926,32.3455],[-86.81971,32.3368],[-86.82092,32.33324],[-86.82027,32.31501],[-86.81611,32.30997],[-86.8108,32.30757],[-86.79827,32.30863],[-86.79107,32.31461],[-86.77316,32.34073],[-86.78045,32.3686],[-86.78222,32.37029],[-86.78247,32.37514],[-86.78124,32.37947],[-86.78214,32.39047],[-86.78135,32.39249],[-86.77837,32.3946],[-86.77168,32.3948],[-86.76354,32.3907],[-86.7574,32.38924],[-86.74851,32.38935],[-86.74216,32.39175],[-86.73737,32.39473],[-86.7321,32.39905],[-86.72718,32.4045],[-86.72407,32.40533],[-86.72095,32.40481],[-86.7179,32.40281],[-86.71721,32.40129],[-86.71781,32.396],[-86.71997,32.39115],[-86.71898,32.38147],[-86.71972,32.37514],[-86.71903,32.37206],[-86.71536,32.36776],[-86.71412,32.36289],[-86.71134,32.36077],[-86.69696,32.35759],[-86.68354,32.35339],[-86.68035,32.3544],[-86.67643,32.35726],[-86.6556,32.37615],[-86.65427,32.37899],[-86.65383,32.38252],[-86.65579,32.38869],[-86.65395,32.39628],[-86.65151,32.39932],[-86.64541,32.4023],[-86.64246,32.40293],[-86.63093,32.40211],[-86.62685,32.40364],[-86.62286,32.40665],[-86.61981,32.40647],[-86.618,32.40572],[-86.61548,32.40307],[-86.61345,32.39858],[-86.61318,32.39395],[-86.61407,32.3883],[-86.61662,32.3799],[-86.61484,32.37427],[-86.59534,32.36135],[-86.59057,32.36213],[-86.58826,32.36775]]]},"properties":{"GEOID":"01001","BASENAME":"Autauga","NAME":"Autauga County"}},{"type":"Feature","geometry":{"type":"Polygon","coordinates":[[[-87.97692,31.08658],[-87.97585,31.08242],[-87.97055,31.07734],[-87.96732,31.07144],[-87.96479,31.06889],[-87.96324,31.06803],[-87.9487,31.06786],[-87.94658,31.06723],[-87.94343,31.06492],[-87.94134,31.0594],[-87.94093,31.04981],[-87.94286,31.04523],[-87.94758,31.04065],[-87.95565,31.03613],[-87.95779,31.03283],[-87.95735,31.02937],[-87.95,31.02121],[-87.95073,31.01845],[-87.95394,31.01248],[-87.95586,31.01207],[-87.95895,31.01286],[-87.96207,31.01109],[-87.9648,31.00819],[-87.9633,31.00531],[-87.9592,31.00408],[-87.9584,31.00312],[-87.95662,30.98978],[-87.95756,30.98632],[-87.96055,30.98286],[-87.96119,30.97487],[-87.96458,30.96998],[-87.96491,30.96682],[-87.96326,30.96605],[-87.95274,30.96654],[-87.9459,30.96414],[-87.94355,30.96177],[-87.94055,30.9519],[-87.93816,30.95012],[-87.92833,30.94626],[-87.92572,30.94291],[-87.92394,30.9363],[-87.92429,30.9354],[-87.93499,30.93008],[-87.94525,30.92855],[-87.95239,30.9248],[-87.95423,30.92097],[-87.95442,30.91169],[-87.9559,30.91122],[-87.95555,30.90884],[-87.95764,30.90728],[-87.95838,30.9045],[-87.96052,30.90276],[-87.96769,30.8996],[-87.97744,30.89142],[-87.9835,30.88357],[-87.98641,30.87517],[-87.98643,30.87194],[-87.98504,30.8665],[-87.98097,30.86187],[-87.96707,30.85706],[-87.96073,30.85383],[-87.95448,30.84941],[-87.95049,30.84499],[-87.94467,30.83668],[-87.94455,30.82705],[-87.94667,30.82364],[-87.95155,30.82126],[-87.96344,30.82057],[-87.97694,30.81439],[-87.98707,30.81144],[-87.98937,30.80974],[-87.99158,30.80636],[-87.99034,30.79577],[-87.99239,30.79126],[-87.99896,30.78764],[-88.01416,30.78328],[-88.0222,30.77449],[-88.0222,30.77219],[-88.02028,30.76771],[-88.0202,30.76459],[-88.02632,30.75336],[-88.02524,30.74934],[-88.01825,30.74392],[-88.01422,30.73793],[-88.01548,30.72714],[-88.0149,30.72299],[-88.01254,30.71689],[-88.01033,30.71344],[-88.00342,30.7083],[-88.00166,30.70462],[-88.001,30.69829],[-88.00172,30.69567],[-88.0084,30.68496],[-88.00894,30.68202],[-88.00617,30.67999],[-87.99925,30.67751],[-87.99418,30.67349],[-87.99196,30.67036],[-87.9898,30.65928],[-87.98784,30.63715],[-87.99076,30.54474],[-87.99171,30.54058],[-87.99372,30.53702],[-87.9971,30.53435],[-87.99894,30.53398],[-88.00084,30.53108],[-88.03711,30.22243],[-88.03731,30.14656],[-88.02804,30.15038],[-88.01416,30.16006],[-88.0098,30.16417],[-88.00362,30.17342],[-87.98741,30.17789],[-87.98104,30.17648],[-87.92576,30.17956],[-87.87499,30.17719],[-87.80715,30.17738],[-87.718,30.19176],[-87.68154,30.19643],[-87.64782,30.19921],[-87.62502,30.20594],[-87.56704,30.21934],[-87.51835,30.22951],[-87.51838,30.2839],[-87.50198,30.288],[-87.49998,30.2879],[-87.45238,30.3002],[-87.45008,30.3111],[-87.46298,30.3078],[-87.47588,30.3079],[-87.48088,30.3066],[-87.48368,30.3048],[-87.49408,30.3049],[-87.49998,30.3062],[-87.50388,30.308],[-87.50578,30.3125],[-87.50594,30.3194],[-87.5047,30.32404],[-87.50257,30.32741],[-87.49998,30.32896],[-87.49358,30.3306],[-87.47188,30.3318],[-87.46488,30.3333],[-87.46108,30.3353],[-87.45108,30.3456],[-87.45208,30.3619],[-87.45138,30.3672],[-87.44908,30.3704],[-87.44182,30.3763],[-87.43868,30.3808],[-87.43848,30.3818],[-87.44108,30.3877],[-87.44068,30.3915],[-87.43728,30.3959],[-87.43428,30.3975],[-87.42958,30.4065],[-87.42638,30.4091],[-87.42268,30.4101],[-87.40888,30.4088],[-87.40298,30.4104],[-87.39568,30.4176],[-87.38338,30.4221],[-87.36938,30.43195],[-87.36659,30.43665],[-87.36694,30.44048],[-87.36868,30.44463],[-87.37077,30.44686],[-87.38118,30.4501],[-87.38788,30.4504],[-87.39198,30.4516],[-87.39688,30.4506],[-87.39988,30.451],[-87.40468,30.4529],[-87.40788,30.4564],[-87.41468,30.4573],[-87.41778,30.4611],[-87.42218,30.4632],[-87.42508,30.4656],[-87.42958,30.4706],[-87.43058,30.4766],[-87.43558,30.4805],[-87.43288,30.4843],[-87.43388,30.4877],[-87.43208,30.4882],[-87.42918,30.4874],[-87.42838,30.4885],[-87.42858,30.4897],[-87.43168,30.4929],[-87.43178,30.49459],[-87.43048,30.4966],[-87.43098,30.4983],[-87.43388,30.4995],[-87.43969,30.50665],[-87.44471,30.50749],[-87.4477,30.51046],[-87.44835,30.51374],[-87.45037,30.51446],[-87.44912,30.5153],[-87.44668,30.51365],[-87.44452,30.51425],[-87.44499,30.51549],[-87.44676,30.51461],[-87.44727,30.51504],[-87.44717,30.51641],[-87.44545,30.51767],[-87.44728,30.52197],[-87.44508,30.52386],[-87.44381,30.52395],[-87.446,30.52638],[-87.44716,30.52635],[-87.44692,30.52519],[-87.44797,30.52494],[-87.44798,30.52661],[-87.44747,30.52735],[-87.44591,30.52737],[-87.4451,30.52891],[-87.4444,30.52784],[-87.44365,30.52814],[-87.44262,30.52976],[-87.44419,30.53027],[-87.4439,30.53148],[-87.44197,30.53106],[-87.4417,30.52975],[-87.43896,30.53029],[-87.44058,30.5316],[-87.44077,30.53642],[-87.44157,30.53745],[-87.43986,30.53811],[-87.4406,30.53895],[-87.43975,30.5403],[-87.43947,30.53937],[-87.43834,30.54034],[-87.43682,30.54024],[-87.43639,30.54154],[-87.43743,30.542],[-87.43642,30.543],[-87.43532,30.54287],[-87.43551,30.54399],[-87.43674,30.54369],[-87.43599,30.54593],[-87.43508,30.5464],[-87.43488,30.54943],[-87.43118,30.55002],[-87.42755,30.55368],[-87.42701,30.55675],[-87.42629,30.55615],[-87.42564,30.55691],[-87.42645,30.55877],[-87.42536,30.56031],[-87.42434,30.55963],[-87.42301,30.56149],[-87.42191,30.56013],[-87.4217,30.56099],[-87.42071,30.56055],[-87.41792,30.56225],[-87.41847,30.56481],[-87.41759,30.56449],[-87.41615,30.56629],[-87.41852,30.57013],[-87.41716,30.5699],[-87.41572,30.57267],[-87.41219,30.57372],[-87.41175,30.57536],[-87.41263,30.5767],[-87.41229,30.57713],[-87.4117,30.57634],[-87.41177,30.578],[-87.40981,30.5794],[-87.41076,30.5795],[-87.41098,30.58036],[-87.40802,30.5837],[-87.40936,30.58585],[-87.40731,30.5879],[-87.40818,30.58867],[-87.40683,30.59337],[-87.4073,30.59598],[-87.40545,30.59742],[-87.40621,30.59837],[-87.4053,30.59869],[-87.40585,30.6001],[-87.40735,30.59998],[-87.40759,30.60086],[-87.40672,30.60173],[-87.40571,30.60148],[-87.40609,30.60326],[-87.4035,30.60342],[-87.40329,30.60536],[-87.40025,30.60616],[-87.39877,30.6054],[-87.39665,30.60888],[-87.39491,30.61427],[-87.39474,30.6159],[-87.39647,30.6171],[-87.39507,30.6219],[-87.39512,30.62346],[-87.39603,30.62413],[-87.39458,30.62426],[-87.39329,30.62722],[-87.39341,30.63153],[-87.39565,30.63298],[-87.39407,30.6335],[-87.39521,30.63607],[-87.39436,30.63754],[-87.39402,30.64185],[-87.39574,30.64456],[-87.39434,30.64561],[-87.39699,30.64827],[-87.39591,30.65016],[-87.39682,30.65485],[-87.3984,30.65623],[-87.39966,30.65582],[-87.40021,30.65725],[-87.40107,30.65622],[-87.4031,30.65748],[-87.4022,30.6606],[-87.40335,30.66284],[-87.40269,30.66485],[-87.40353,30.66591],[-87.40576,30.66644],[-87.40588,30.67091],[-87.40738,30.67182],[-87.40647,30.67515],[-87.41672,30.6793],[-87.41768,30.6782],[-87.41904,30.67853],[-87.42023,30.68093],[-87.422,30.68102],[-87.4224,30.6822],[-87.42461,30.68327],[-87.42661,30.68305],[-87.42779,30.68451],[-87.42779,30.68588],[-87.42994,30.68653],[-87.43014,30.68826],[-87.4317,30.68765],[-87.43296,30.68837],[-87.4364,30.68842],[-87.43772,30.68963],[-87.44038,30.69036],[-87.44368,30.69454],[-87.44866,30.69669],[-87.44957,30.69896],[-87.45131,30.69959],[-87.45216,30.69819],[-87.45388,30.69869],[-87.45801,30.6964],[-87.45867,30.69787],[-87.46219,30.70019],[-87.46637,30.7007],[-87.46809,30.70021],[-87.46781,30.70152],[-87.46961,30.70321],[-87.46981,30.70502],[-87.47263,30.70564],[-87.47277,30.70436],[-87.4758,30.70525],[-87.47449,30.70665],[-87.47562,30.7081],[-87.47517,30.70906],[-87.47715,30.70991],[-87.47931,30.7096],[-87.48027,30.71179],[-87.47799,30.71328],[-87.48128,30.717],[-87.48223,30.71719],[-87.48362,30.71531],[-87.48462,30.71592],[-87.4846,30.71708],[-87.48732,30.71838],[-87.48877,30.71764],[-87.48942,30.71866],[-87.49143,30.71902],[-87.49209,30.72039],[-87.49297,30.71971],[-87.4976,30.71986],[-87.49829,30.72106],[-87.50194,30.72127],[-87.50297,30.72212],[-87.50328,30.72385],[-87.50595,30.72506],[-87.50514,30.72629],[-87.50879,30.72809],[-87.51063,30.73291],[-87.51193,30.73377],[-87.5149,30.73315],[-87.51514,30.73431],[-87.51739,30.73432],[-87.51825,30.73608],[-87.5203,30.7374],[-87.52291,30.73769],[-87.52615,30.74046],[-87.52998,30.74095],[-87.52959,30.74258],[-87.53256,30.7432],[-87.53264,30.74481],[-87.53166,30.74606],[-87.53534,30.75],[-87.53529,30.75236],[-87.53447,30.75267],[-87.5343,30.75387],[-87.53517,30.75514],[-87.53599,30.76119],[-87.53709,30.76297],[-87.53991,30.76456],[-87.54437,30.77162],[-87.54605,30.77206],[-87.54496,30.77614],[-87.54595,30.77724],[-87.54477,30.77787],[-87.54543,30.77939],[-87.54754,30.78098],[-87.55028,30.78125],[-87.55147,30.78593],[-87.5573,30.78913],[-87.55716,30.79026],[-87.55906,30.79038],[-87.55893,30.79117],[-87.56115,30.79238],[-87.56096,30.79309],[-87.5637,30.79614],[-87.56763,30.79805],[-87.56825,30.80011],[-87.57175,30.8002],[-87.57261,30.8014],[-87.57233,30.80239],[-87.5741,30.80327],[-87.57454,30.80506],[-87.57668,30.80694],[-87.5766,30.80812],[-87.57957,30.81089],[-87.58364,30.81343],[-87.58672,30.81394],[-87.58728,30.8152],[-87.59273,30.816],[-87.59414,30.8175],[-87.59692,30.8183],[-87.6001,30.82051],[-87.6015,30.82534],[-87.60315,30.82676],[-87.60285,30.82916],[-87.60431,30.83142],[-87.60556,30.8309],[-87.60867,30.83264],[-87.6104,30.83251],[-87.61141,30.83341],[-87.61524,30.83421],[-87.61571,30.83503],[-87.61494,30.83643],[-87.61707,30.84033],[-87.61882,30.84111],[-87.619,30.84196],[-87.62024,30.8419],[-87.62377,30.84576],[-87.62534,30.84594],[-87.62698,30.84783],[-87.62702,30.84956],[-87.62509,30.85423],[-87.62595,30.85513],[-87.62601,30.85744],[-87.62787,30.86019],[-87.62862,30.86008],[-87.63043,30.86217],[-87.63156,30.86218],[-87.63246,30.86439],[-87.63474,30.86561],[-87.6291,30.88043],[-87.6255,30.88378],[-87.62435,30.88396],[-87.62467,30.88437],[-87.62146,30.88553],[-87.62027,30.8874],[-87.62043,30.89001],[-87.62225,30.8946],[-87.62088,30.89546],[-87.62212,30.89662],[-87.62181,30.89772],[-87.61632,30.90095],[-87.61527,30.90368],[-87.61441,30.90413],[-87.61515,30.90547],[-87.61234,30.91061],[-87.61222,30.91337],[-87.60828,30.92013],[-87.60705,30.92512],[-87.60282,30.9316],[-87.60311,30.93256],[-87.60168,30.93575],[-87.5997,30.93782],[-87.598,30.93839],[-87.59601,30.94198],[-87.59391,30.94805],[-87.59419,30.94987],[-87.59174,30.95136],[-87.59093,30.95351],[-87.59132,30.95666],[-87.58896,30.96135],[-87.58868,30.96384],[-87.58905,30.96629],[-87.59167,30.97018],[-87.59351,30.97567],[-87.59224,30.97994],[-87.59313,30.98046],[-87.59313,30.98304],[-87.5965,30.98723],[-87.59638,30.98992],[-87.5982,30.99299],[-87.59883,30.99746],[-87.61543,30.99736],[-87.61589,31.24446],[-87.62037,31.2449],[-87.6254,31.24341],[-87.63108,31.24442],[-87.63223,31.24293],[-87.63647,31.24504],[-87.64116,31.24438],[-87.64644,31.24917],[-87.64937,31.24846],[-87.65228,31.24974],[-87.65449,31.24949],[-87.65561,31.25078],[-87.6574,31.2506],[-87.66247,31.25298],[-87.66332,31.25539],[-87.66639,31.25768],[-87.67229,31.25965],[-87.67367,31.26142],[-87.6749,31.26094],[-87.67642,31.26199],[-87.67698,31.26479],[-87.6793,31.26639],[-87.67919,31.26726],[-87.68149,31.26765],[-87.68368,31.26985],[-87.68293,31.2707],[-87.68477,31.27127],[-87.6877,31.27476],[-87.68789,31.27655],[-87.68885,31.27725],[-87.68832,31.27824],[-87.6896,31.27849],[-87.69061,31.28292],[-87.6924,31.28402],[-87.69563,31.28349],[-87.69622,31.28468],[-87.69806,31.28523],[-87.69977,31.28456],[-87.70019,31.28541],[-87.70217,31.28564],[-87.70289,31.28715],[-87.70182,31.28761],[-87.70185,31.28837],[-87.70534,31.29224],[-87.70534,31.29449],[-87.70689,31.29485],[-87.70671,31.29577],[-87.70828,31.2971],[-87.70935,31.29703],[-87.71237,31.30113],[-87.71429,31.30212],[-87.71599,31.30127],[-87.71818,31.30331],[-87.72123,31.30271],[-87.72184,31.30113],[-87.72331,31.30134],[-87.72427,31.30035],[-87.72702,31.30113],[-87.72934,31.30058],[-87.73057,31.30142],[-87.73046,31.30243],[-87.7382,31.3027],[-87.7406,31.30128],[-87.74511,31.30135],[-87.74871,31.29715],[-87.74999,31.29694],[-87.75066,31.29764],[-87.75162,31.29693],[-87.7544,31.29739],[-87.75378,31.29798],[-87.75455,31.29897],[-87.75696,31.2987],[-87.75792,31.29936],[-87.7592,31.29881],[-87.75922,31.29963],[-87.76013,31.29957],[-87.75972,31.29813],[-87.7604,31.2975],[-87.76515,31.29735],[-87.76651,31.29451],[-87.77158,31.29372],[-87.77997,31.29772],[-87.78849,31.29741],[-87.78878,31.29877],[-87.79332,31.30049],[-87.79744,31.30531],[-87.79928,31.31678],[-87.80276,31.31882],[-87.80559,31.3187],[-87.80888,31.31528],[-87.80982,31.31049],[-87.80897,31.30664],[-87.80281,31.3014],[-87.79824,31.29584],[-87.79556,31.29233],[-87.79535,31.28969],[-87.79352,31.28676],[-87.78477,31.28215],[-87.78374,31.28004],[-87.7839,31.27777],[-87.7868,31.27487],[-87.793,31.27137],[-87.79961,31.26954],[-87.8015,31.26981],[-87.81822,31.27862],[-87.82099,31.27949],[-87.8241,31.27926],[-87.82751,31.27712],[-87.83048,31.26497],[-87.83458,31.25839],[-87.8408,31.25588],[-87.8423,31.2574],[-87.84835,31.25985],[-87.85066,31.25983],[-87.85255,31.25847],[-87.85327,31.25596],[-87.85234,31.25371],[-87.84772,31.25374],[-87.84592,31.25528],[-87.84341,31.25599],[-87.84238,31.25547],[-87.84224,31.25305],[-87.84098,31.25087],[-87.83755,31.24836],[-87.83752,31.24543],[-87.84397,31.24066],[-87.84463,31.23794],[-87.84293,31.23479],[-87.83592,31.23105],[-87.83561,31.22974],[-87.83565,31.22864],[-87.83868,31.22596],[-87.84134,31.22541],[-87.84392,31.22703],[-87.84461,31.2295],[-87.84861,31.23483],[-87.85455,31.23723],[-87.85677,31.23707],[-87.86007,31.2354],[-87.86376,31.2311],[-87.86359,31.22611],[-87.85966,31.21844],[-87.85794,31.21645],[-87.8498,31.21158],[-87.8485,31.20838],[-87.84954,31.20611],[-87.8535,31.20345],[-87.85995,31.20463],[-87.86538,31.20973],[-87.86797,31.21458],[-87.86977,31.21576],[-87.875,31.21474],[-87.87567,31.21401],[-87.87568,31.21071],[-87.87333,31.20369],[-87.87389,31.2015],[-87.87667,31.19839],[-87.87917,31.198],[-87.88197,31.20054],[-87.88575,31.20139],[-87.88623,31.20261],[-87.88538,31.2052],[-87.8887,31.20482],[-87.89254,31.20163],[-87.89709,31.19966],[-87.89921,31.19735],[-87.90138,31.1988],[-87.90624,31.19916],[-87.90787,31.19554],[-87.91065,31.19336],[-87.91137,31.19106],[-87.9154,31.19071],[-87.91364,31.18736],[-87.91422,31.18674],[-87.91825,31.18561],[-87.92568,31.18612],[-87.93167,31.18951],[-87.94051,31.18976],[-87.94356,31.19233],[-87.94659,31.19293],[-87.94519,31.183],[-87.94698,31.1761],[-87.94677,31.17442],[-87.94479,31.17048],[-87.94094,31.16585],[-87.94132,31.16305],[-87.94375,31.16134],[-87.95234,31.162],[-87.95931,31.16041],[-87.96391,31.16111],[-87.96839,31.16285],[-87.97134,31.16302],[-87.97347,31.1621],[-87.9745,31.1587],[-87.97228,31.15276],[-87.96628,31.14826],[-87.96023,31.14647],[-87.95633,31.14626],[-87.94373,31.14968],[-87.94012,31.14724],[-87.93967,31.1446],[-87.94375,31.1367],[-87.94456,31.12518],[-87.94553,31.12331],[-87.96585,31.09822],[-87.97505,31.09122],[-87.97692,31.08658]]]},"properties":{"GEOID":"01003","BASENAME":"Baldwin","NAME":"Baldwin County"}},{"type":"Feature","geometry":{"type":"Polygon","coordinates":[[[-85.97876,33.32813],[-85.98029,33.29419],[-86.1182,33.29632],[-86.12057,33.19451],[-86.17283,33.19568],[-86.17437,33.10439],[-86.00931,33.10464],[-86.00917,33.09026],[-85.97456,33.09051],[-85.97472,33.10529],[-85.80169,33.1043],[-85.65365,33.10663],[-85.65308,33.21212],[-85.64881,33.21203],[-85.64827,33.22649],[-85.65273,33.2266],[-85.65047,33.30615],[-85.64143,33.30596],[-85.6412,33.31703],[-85.64556,33.31697],[-85.64551,33.32055],[-85.64113,33.3205],[-85.64113,33.32393],[-85.64992,33.32421],[-85.64449,33.43001],[-85.64348,33.49589],[-85.71361,33.49796],[-85.76543,33.49859],[-85.76563,33.48348],[-85.78269,33.48364],[-85.78274,33.46935],[-85.88778,33.46943],[-85.88767,33.47677],[-85.87005,33.47676],[-85.86931,33.49157],[-85.85242,33.49164],[-85.85189,33.49874],[-85.90491,33.49865],[-85.90534,33.45471],[-85.92282,33.45458],[-85.92376,33.39621],[-85.94087,33.39605],[-85.94126,33.38175],[-85.97653,33.38187],[-85.97876,33.32813]]]},"properties":{"GEOID":"01027","BASENAME":"Clay","NAME":"Clay County"}},{"type":"Feature","geometry":{"type":"Polygon","coordinates":[[[-86.22102,33.58792],[-86.21981,33.58277],[-86.21297,33.57576],[-86.21172,33.5734],[-86.21143,33.57151],[-86.21284,33.56675],[-86.21168,33.56319],[-86.2086,33.55986],[-86.20231,33.55701],[-86.19551,33.55514],[-86.19248,33.55297],[-86.18981,33.54724],[-86.19049,33.54373],[-86.19589,33.53868],[-86.20695,33.53433],[-86.22499,33.5226],[-86.22658,33.52055],[-86.2312,33.50843],[-86.23037,33.49967],[-86.23232,33.49676],[-86.23533,33.49453],[-86.25326,33.48884],[-86.25882,33.48961],[-86.26312,33.49221],[-86.2656,33.49635],[-86.26551,33.50128],[-86.26279,33.50594],[-86.26209,33.50912],[-86.26309,33.51212],[-86.26453,33.51358],[-86.26658,33.51464],[-86.26968,33.51456],[-86.28061,33.51103],[-86.2868,33.50328],[-86.28797,33.49752],[-86.28631,33.49018],[-86.28684,33.48798],[-86.28885,33.48615],[-86.29476,33.4834],[-86.29777,33.47949],[-86.30327,33.46719],[-86.30313,33.46075],[-86.30495,33.45705],[-86.30847,33.4536],[-86.31416,33.45074],[-86.32429,33.44323],[-86.32932,33.43178],[-86.33708,33.42404],[-86.34056,33.41791],[-86.34592,33.41104],[-86.35116,33.40834],[-86.36441,33.40616],[-86.36833,33.40136],[-86.37498,33.39586],[-86.37783,33.39231],[-86.37901,33.3892],[-86.37757,33.38601],[-86.37352,33.38301],[-86.35992,33.37724],[-86.35286,33.37254],[-86.34111,33.3546],[-86.34183,33.35073],[-86.34491,33.34851],[-86.35023,33.34717],[-86.35505,33.34767],[-86.36222,33.34692],[-86.36671,33.34423],[-86.36811,33.34167],[-86.36792,33.33636],[-86.36564,33.33295],[-86.36417,33.32883],[-86.36754,33.31838],[-86.36158,33.30913],[-86.35759,33.29854],[-86.35759,33.29555],[-86.36255,33.29165],[-86.3788,33.28621],[-86.39334,33.27543],[-86.40449,33.27275],[-86.41028,33.27294],[-86.41785,33.27501],[-86.42176,33.27697],[-86.42856,33.28274],[-86.43123,33.28345],[-86.43353,33.28262],[-86.43487,33.27947],[-86.4341,33.27551],[-86.42594,33.26506],[-86.42437,33.26056],[-86.42507,33.25743],[-86.42967,33.24822],[-86.43255,33.24434],[-86.43553,33.24199],[-86.43917,33.24092],[-86.44212,33.24121],[-86.45288,33.24387],[-86.45616,33.24297],[-86.45803,33.24143],[-86.46459,33.23098],[-86.46641,33.22621],[-86.4659,33.21996],[-86.46104,33.20763],[-86.46098,33.20293],[-86.46202,33.20002],[-86.46473,33.19712],[-86.46755,33.19593],[-86.47012,33.19591],[-86.48086,33.20159],[-86.48614,33.20187],[-86.49153,33.19927],[-86.49334,33.19704],[-86.50313,33.17914],[-86.50329,33.17487],[-86.50108,33.17278],[-86.49138,33.16995],[-86.48768,33.16696],[-86.48347,33.15952],[-86.48299,33.14828],[-86.48184,33.14554],[-86.47816,33.14185],[-86.46666,33.13627],[-86.46382,33.13382],[-86.46181,33.13101],[-86.45993,33.12512],[-86.46132,33.122],[-86.46609,33.11898],[-86.48029,33.11532],[-86.48415,33.11319],[-86.48828,33.10848],[-86.49103,33.10294],[-86.17437,33.10439],[-86.17283,33.19568],[-86.12057,33.19451],[-86.1182,33.29632],[-85.98029,33.29419],[-85.97653,33.38187],[-85.94126,33.38175],[-85.94087,33.39605],[-85.92376,33.39621],[-85.92282,33.45458],[-85.90534,33.45471],[-85.90491,33.49865],[-85.85087,33.49872],[-85.79685,33.54185],[-85.79456,33.58556],[-85.94885,33.58569],[-85.99493,33.58648],[-85.99628,33.59728],[-85.99557,33.59718],[-85.99559,33.60089],[-86.02171,33.60117],[-86.02033,33.61232],[-86.02617,33.63105],[-86.0265,33.63968],[-86.0255,33.64329],[-86.0258,33.64629],[-86.03319,33.65218],[-86.03711,33.65723],[-86.0457,33.66295],[-86.04741,33.66958],[-86.05067,33.67459],[-86.14556,33.6791],[-86.14724,33.67655],[-86.15249,33.67246],[-86.15512,33.67163],[-86.15904,33.67191],[-86.16679,33.67447],[-86.16916,33.67631],[-86.17087,33.67933],[-86.172,33.68964],[-86.17433,33.69407],[-86.17882,33.69821],[-86.18374,33.6995],[-86.19373,33.69785],[-86.20057,33.69469],[-86.20498,33.68952],[-86.20545,33.6838],[-86.20373,33.67973],[-86.20079,33.67682],[-86.18087,33.66726],[-86.17432,33.66234],[-86.17244,33.65983],[-86.17138,33.65324],[-86.16488,33.63663],[-86.16534,33.63019],[-86.16948,33.61924],[-86.1721,33.61631],[-86.17712,33.61456],[-86.1926,33.61464],[-86.19669,33.61375],[-86.20012,33.61157],[-86.20076,33.60872],[-86.19949,33.60607],[-86.19613,33.60342],[-86.18873,33.60023],[-86.18418,33.59735],[-86.18398,33.59425],[-86.18665,33.59163],[-86.18962,33.5911],[-86.21301,33.59467],[-86.21755,33.59262],[-86.21946,33.59099],[-86.22102,33.58792]]]},"properties":{"GEOID":"01121","BASENAME":"Talladega","NAME":"Talladega County"}},{"type":"Feature","geometry":{"type":"Polygon","coordinates":[[[-87.13632,31.6409],[-87.13469,31.64257],[-87.12873,31.64399],[-87.12205,31.6438],[-87.11419,31.64897],[-87.10723,31.65144],[-87.08993,31.65258],[-87.08374,31.65811],[-87.07801,31.66658],[-87.07048,31.66964],[-87.06456,31.66987],[-87.05948,31.67404],[-87.05597,31.67738],[-87.05852,31.68229],[-87.05896,31.6861],[-87.0615,31.69178],[-87.06104,31.70446],[-87.05982,31.70684],[-87.05629,31.71005],[-87.05079,31.71859],[-87.0489,31.71932],[-87.04435,31.71644],[-87.02445,31.71255],[-87.01943,31.71421],[-87.01235,31.71344],[-87.00447,31.71486],[-86.9953,31.7197],[-86.98862,31.71879],[-86.98284,31.72219],[-86.98028,31.72587],[-86.97691,31.72768],[-86.96825,31.73028],[-86.96133,31.73048],[-86.95719,31.73155],[-86.95535,31.73258],[-86.95415,31.73472],[-86.94872,31.73488],[-86.9473,31.73937],[-86.93787,31.74341],[-86.9339,31.74616],[-86.92875,31.74684],[-86.92248,31.74893],[-86.91798,31.74928],[-86.91192,31.75269],[-86.9059,31.75304],[-86.9069,31.83063],[-87.13538,31.82834],[-87.21408,31.8285],[-87.22828,31.83142],[-87.24455,31.8318],[-87.50093,31.82925],[-87.50095,31.81402],[-87.51836,31.81439],[-87.51613,31.69782],[-87.56684,31.69711],[-87.56541,31.55357],[-87.57985,31.54462],[-87.59926,31.52744],[-87.61682,31.52144],[-87.61984,31.51905],[-87.62125,31.51685],[-87.62129,31.51376],[-87.62043,31.51223],[-87.60506,31.50016],[-87.56789,31.48318],[-87.56571,31.48168],[-87.56279,31.47769],[-87.56223,31.47537],[-87.56336,31.4647],[-87.56728,31.45455],[-87.57017,31.44292],[-87.57373,31.43509],[-87.58853,31.42392],[-87.59709,31.41293],[-87.60314,31.40956],[-87.60795,31.40806],[-87.61545,31.40818],[-87.62121,31.41002],[-87.62968,31.41594],[-87.63965,31.42477],[-87.64658,31.42652],[-87.65669,31.42545],[-87.66557,31.42317],[-87.66931,31.42093],[-87.68679,31.40676],[-87.69065,31.40525],[-87.70107,31.40372],[-87.70401,31.40247],[-87.70605,31.40096],[-87.70806,31.39795],[-87.71464,31.38415],[-87.71871,31.38009],[-87.72314,31.37713],[-87.72584,31.37374],[-87.7254,31.36797],[-87.72198,31.35962],[-87.72244,31.34542],[-87.7244,31.34042],[-87.72951,31.33659],[-87.73883,31.3331],[-87.7464,31.33326],[-87.75063,31.33541],[-87.75263,31.33739],[-87.75358,31.34056],[-87.75192,31.35494],[-87.7525,31.35851],[-87.75454,31.36233],[-87.75636,31.36367],[-87.75989,31.36447],[-87.76392,31.36387],[-87.76616,31.35944],[-87.76525,31.34878],[-87.76582,31.34679],[-87.77137,31.34112],[-87.78168,31.33333],[-87.78438,31.32891],[-87.7848,31.32467],[-87.78276,31.31205],[-87.77859,31.30574],[-87.7751,31.30317],[-87.76663,31.29933],[-87.76515,31.29735],[-87.7604,31.2975],[-87.75972,31.29813],[-87.76029,31.29929],[-87.75922,31.29963],[-87.7592,31.29881],[-87.75792,31.29936],[-87.75696,31.2987],[-87.75455,31.29897],[-87.75391,31.29723],[-87.74871,31.29715],[-87.74511,31.30135],[-87.7406,31.30128],[-87.7382,31.3027],[-87.73046,31.30243],[-87.73057,31.30142],[-87.72934,31.30058],[-87.72702,31.30113],[-87.72427,31.30035],[-87.72331,31.30134],[-87.72184,31.30113],[-87.72123,31.30271],[-87.71818,31.30331],[-87.71599,31.30127],[-87.71429,31.30212],[-87.71237,31.30113],[-87.70935,31.29703],[-87.70828,31.2971],[-87.70671,31.29577],[-87.70689,31.29485],[-87.70534,31.29449],[-87.70534,31.29224],[-87.70185,31.28837],[-87.70182,31.28761],[-87.70289,31.28715],[-87.70217,31.28564],[-87.70019,31.28541],[-87.69977,31.28456],[-87.69806,31.28523],[-87.69622,31.28468],[-87.69563,31.28349],[-87.6924,31.28402],[-87.69061,31.28292],[-87.6896,31.27849],[-87.68832,31.27824],[-87.68885,31.27725],[-87.68789,31.27655],[-87.6877,31.27476],[-87.68477,31.27127],[-87.68293,31.2707],[-87.68368,31.26985],[-87.68149,31.26765],[-87.67919,31.26726],[-87.6793,31.26639],[-87.67698,31.26479],[-87.67642,31.26199],[-87.6749,31.26094],[-87.67367,31.26142],[-87.67229,31.25965],[-87.66639,31.25768],[-87.66332,31.25539],[-87.66247,31.25298],[-87.6606,31.25191],[-87.64959,31.24848],[-87.64644,31.24917],[-87.64116,31.24438],[-87.63647,31.24504],[-87.63223,31.24293],[-87.63108,31.24442],[-87.6254,31.24341],[-87.62037,31.2449],[-87.61746,31.2449],[-87.6145,31.24387],[-87.61253,31.24197],[-87.60877,31.24179],[-87.60874,31.24103],[-87.60535,31.24271],[-87.60295,31.24282],[-87.60215,31.24138],[-87.60026,31.24154],[-87.5994,31.24044],[-87.59506,31.24049],[-87.58655,31.23895],[-87.58508,31.23742],[-87.58126,31.23613],[-87.58052,31.23373],[-87.57734,31.23228],[-87.57441,31.23274],[-87.57089,31.23064],[-87.56828,31.23206],[-87.56548,31.22931],[-87.56374,31.22958],[-87.56353,31.22846],[-87.56163,31.22928],[-87.55977,31.22853],[-87.55929,31.22729],[-87.55403,31.22954],[-87.54899,31.23004],[-87.54561,31.23272],[-87.54582,31.23348],[-87.54395,31.23309],[-87.54155,31.2349],[-87.53963,31.23513],[-87.53899,31.23634],[-87.53603,31.23728],[-87.53376,31.2415],[-87.52973,31.24273],[-87.52749,31.24541],[-87.52605,31.24585],[-87.52594,31.24704],[-87.52301,31.24791],[-87.51893,31.24692],[-87.51799,31.2477],[-87.5073,31.24885],[-87.50572,31.25046],[-87.49889,31.25224],[-87.4982,31.25347],[-87.49199,31.25563],[-87.48921,31.26008],[-87.42746,31.26039],[-87.42747,31.26338],[-87.42618,31.26689],[-87.4208,31.27652],[-87.41791,31.27957],[-87.40394,31.28937],[-87.40122,31.29408],[-87.39583,31.29909],[-87.39354,31.30072],[-87.38775,31.30254],[-87.38414,31.30602],[-87.37084,31.31347],[-87.36927,31.31503],[-87.36564,31.31539],[-87.35976,31.31775],[-87.35539,31.33068],[-87.34801,31.3404],[-87.34607,31.35049],[-87.3442,31.3518],[-87.33827,31.3518],[-87.33218,31.35525],[-87.32484,31.36544],[-87.3184,31.3782],[-87.30956,31.3841],[-87.30644,31.39013],[-87.30252,31.39342],[-87.29672,31.40128],[-87.28461,31.40835],[-87.27431,31.41099],[-87.27194,31.41376],[-87.27058,31.41822],[-87.26856,31.42068],[-87.25551,31.42948],[-87.24383,31.43869],[-87.23874,31.44495],[-87.23407,31.44788],[-87.22999,31.45342],[-87.22242,31.45546],[-87.20855,31.45729],[-87.20593,31.45903],[-87.20242,31.46604],[-87.19722,31.47237],[-87.19795,31.47776],[-87.19724,31.47963],[-87.1949,31.48185],[-87.19345,31.48466],[-87.19128,31.4852],[-87.18799,31.48794],[-87.18221,31.4981],[-87.16533,31.52157],[-87.16782,31.53431],[-87.16535,31.54413],[-87.16322,31.54512],[-87.15977,31.54889],[-87.16091,31.55838],[-87.1594,31.56471],[-87.15357,31.57825],[-87.14421,31.58866],[-87.14106,31.60096],[-87.14054,31.60832],[-87.13737,31.61287],[-87.1396,31.62432],[-87.13632,31.6409]]]},"properties":{"GEOID":"01099","BASENAME":"Monroe","NAME":"Monroe County"}},{"type":"Feature","geometry":{"type":"Polygon","coordinates":[[[-86.87657,33.01891],[-86.87687,33.04993],[-86.89852,33.04981],[-86.8986,33.05706],[-86.91622,33.05715],[-86.91631,33.06104],[-86.91998,33.06104],[-86.91997,33.06432],[-86.93397,33.06406],[-86.93399,33.0788],[-86.95166,33.07874],[-86.95088,33.09858],[-86.96929,33.0984],[-86.96956,33.15814],[-86.97448,33.15823],[-86.97437,33.16171],[-87.00387,33.16201],[-87.00384,33.1658],[-87.0256,33.1658],[-87.02564,33.19144],[-87.0213,33.19145],[-87.02138,33.20978],[-87.02572,33.20972],[-87.02685,33.24646],[-87.07664,33.24683],[-87.1041,33.22146],[-87.12151,33.22147],[-87.12187,33.23584],[-87.1435,33.23619],[-87.14355,33.23247],[-87.15207,33.23248],[-87.19915,33.19655],[-87.19932,33.13066],[-87.28194,33.13306],[-87.29069,33.12165],[-87.31158,33.09393],[-87.31807,33.02252],[-87.31854,33.00618],[-87.42194,33.00338],[-87.42059,32.97159],[-87.42078,32.92228],[-87.42013,32.9026],[-87.4212,32.87451],[-87.31947,32.87512],[-87.31918,32.83152],[-87.24956,32.83171],[-87.23329,32.83224],[-87.22366,32.83515],[-87.172,32.8358],[-87.125,32.83539],[-86.95203,32.83783],[-86.90456,32.83744],[-86.87612,32.83626],[-86.87657,33.01891]]]},"properties":{"GEOID":"01007","BASENAME":"Bibb","NAME":"Bibb County"}},{"type":"Feature","geometry":{"type":"Polygon","coordinates":[[[-86.17244,33.65983],[-86.17432,33.66234],[-86.18087,33.66726],[-86.1973,33.67468],[-86.20373,33.67973],[-86.20545,33.6838],[-86.20498,33.68952],[-86.20057,33.69469],[-86.19373,33.69785],[-86.18662,33.69946],[-86.1806,33.69901],[-86.17882,33.69821],[-86.17433,33.69407],[-86.172,33.68964],[-86.17087,33.67933],[-86.16916,33.67631],[-86.16679,33.67447],[-86.1594,33.67199],[-86.15512,33.67163],[-86.15249,33.67246],[-86.14724,33.67655],[-86.14538,33.67938],[-86.1442,33.68314],[-86.14406,33.68952],[-86.14623,33.70218],[-86.14371,33.70914],[-86.13891,33.71408],[-86.13481,33.71605],[-86.12862,33.71176],[-86.12388,33.71079],[-86.1211,33.7112],[-86.11928,33.71336],[-86.11809,33.72198],[-86.11544,33.72485],[-86.10787,33.73049],[-86.09916,33.73644],[-86.08556,33.74066],[-86.0816,33.74297],[-86.07518,33.75116],[-86.07056,33.75525],[-86.06258,33.75989],[-86.05469,33.76239],[-86.04735,33.76199],[-86.04451,33.76289],[-86.04389,33.76717],[-86.04487,33.7719],[-86.04952,33.77998],[-86.05426,33.78561],[-86.05827,33.78873],[-86.06436,33.79778],[-86.06505,33.80369],[-86.06404,33.80657],[-86.06479,33.80955],[-86.06131,33.81412],[-86.05329,33.82122],[-86.05144,33.82413],[-86.05225,33.82852],[-86.05602,33.83329],[-86.05969,33.83592],[-86.06591,33.83786],[-86.06697,33.8392],[-86.06644,33.84109],[-86.06469,33.8426],[-86.05469,33.84584],[-86.05468,33.85046],[-86.05698,33.85778],[-86.06285,33.86321],[-86.06987,33.8662],[-86.07312,33.86578],[-86.08121,33.86206],[-86.09006,33.86286],[-86.09713,33.86135],[-86.09813,33.86368],[-86.10034,33.86315],[-86.10099,33.86442],[-86.09938,33.86547],[-86.1007,33.86887],[-86.10036,33.87402],[-86.10238,33.87688],[-86.1061,33.87874],[-86.10637,33.87983],[-86.10889,33.8812],[-86.10923,33.88338],[-86.11177,33.8864],[-86.10942,33.88775],[-86.11047,33.894],[-86.10814,33.89998],[-86.10873,33.90212],[-86.11032,33.90335],[-86.11367,33.90378],[-86.12027,33.9],[-86.12412,33.90027],[-86.12626,33.90273],[-86.12944,33.90267],[-86.13216,33.89742],[-86.13472,33.89654],[-86.14035,33.89862],[-86.14067,33.89967],[-86.14272,33.89939],[-86.14173,33.90325],[-86.14303,33.90421],[-86.14261,33.90756],[-86.14391,33.9119],[-86.14576,33.91351],[-86.14596,33.9166],[-86.14756,33.91908],[-86.14941,33.92065],[-86.15359,33.92027],[-86.15494,33.92156],[-86.15631,33.92102],[-86.15984,33.92251],[-86.16246,33.92527],[-86.16538,33.9265],[-86.16457,33.92778],[-86.16701,33.92851],[-86.1659,33.92993],[-86.16664,33.93037],[-86.1664,33.93172],[-86.16724,33.93327],[-86.16531,33.93335],[-86.1662,33.93573],[-86.16493,33.9382],[-86.16754,33.94008],[-86.16703,33.94054],[-86.1676,33.94224],[-86.16521,33.9474],[-86.16622,33.95105],[-86.16728,33.95224],[-86.16624,33.95719],[-86.16742,33.95937],[-86.16798,33.96511],[-86.17026,33.96405],[-86.17078,33.96605],[-86.1727,33.96554],[-86.17341,33.96682],[-86.17416,33.96593],[-86.17567,33.96629],[-86.1793,33.97075],[-86.1815,33.97152],[-86.18469,33.97245],[-86.18732,33.97047],[-86.18891,33.97304],[-86.19215,33.97308],[-86.19263,33.97385],[-86.18967,33.97777],[-86.19064,33.97895],[-86.18977,33.98345],[-86.1972,33.98542],[-86.19895,33.9889],[-86.20824,33.98641],[-86.21231,33.98766],[-86.21553,33.98742],[-86.21872,33.98575],[-86.22167,33.98572],[-86.2227,33.98374],[-86.22519,33.98339],[-86.22643,33.98223],[-86.23021,33.98279],[-86.23517,33.97844],[-86.23792,33.97778],[-86.23946,33.97516],[-86.24481,33.97262],[-86.24544,33.9715],[-86.24666,33.97154],[-86.25158,33.9656],[-86.25617,33.97058],[-86.25935,33.97149],[-86.26111,33.97111],[-86.26784,33.97531],[-86.26838,33.97884],[-86.27148,33.9818],[-86.27045,33.98446],[-86.27144,33.98469],[-86.27442,33.98863],[-86.278,33.98921],[-86.28217,33.98373],[-86.29013,33.98372],[-86.30796,33.96205],[-86.31208,33.95909],[-86.31241,33.95761],[-86.31362,33.95668],[-86.31583,33.95695],[-86.31878,33.95574],[-86.31898,33.95226],[-86.32215,33.94931],[-86.32335,33.94608],[-86.32602,33.94345],[-86.32521,33.94055],[-86.32762,33.93726],[-86.32232,33.93348],[-86.32215,33.93243],[-86.3242,33.92954],[-86.328,33.92954],[-86.32957,33.92637],[-86.33265,33.92442],[-86.33182,33.92301],[-86.33301,33.92284],[-86.33513,33.92001],[-86.33994,33.92097],[-86.33939,33.91934],[-86.34232,33.91911],[-86.34623,33.91557],[-86.3495,33.90698],[-86.34755,33.90382],[-86.34736,33.90205],[-86.34802,33.90139],[-86.3446,33.89729],[-86.34092,33.89616],[-86.33935,33.89491],[-86.33917,33.89368],[-86.34115,33.89157],[-86.34036,33.89024],[-86.34266,33.88834],[-86.34269,33.88647],[-86.34566,33.88302],[-86.34838,33.88195],[-86.34812,33.88087],[-86.35359,33.87921],[-86.35677,33.87588],[-86.3581,33.87627],[-86.35803,33.87536],[-86.3601,33.87542],[-86.36635,33.87261],[-86.36924,33.86937],[-86.37026,33.86674],[-86.37237,33.86616],[-86.37275,33.86483],[-86.38045,33.85985],[-86.38096,33.85883],[-86.39109,33.85331],[-86.3915,33.84941],[-86.39616,33.84365],[-86.40351,33.83954],[-86.40588,33.836],[-86.40859,33.83394],[-86.41271,33.83139],[-86.41411,33.83136],[-86.42158,33.82636],[-86.42748,33.82377],[-86.42836,33.82288],[-86.42757,33.82102],[-86.42805,33.82047],[-86.43087,33.81942],[-86.43362,33.82076],[-86.43816,33.82004],[-86.44315,33.82329],[-86.44346,33.82461],[-86.44528,33.82598],[-86.44676,33.82446],[-86.45136,33.82293],[-86.45631,33.82315],[-86.46722,33.82085],[-86.4707,33.82082],[-86.4768,33.81788],[-86.4803,33.81515],[-86.48446,33.81578],[-86.48653,33.81335],[-86.48847,33.81293],[-86.4908,33.81381],[-86.49279,33.81255],[-86.49848,33.8127],[-86.50502,33.80864],[-86.50643,33.81086],[-86.51185,33.81102],[-86.52177,33.8019],[-86.57753,33.80198],[-86.5778,33.76532],[-86.54276,33.76517],[-86.54264,33.73564],[-86.53381,33.73546],[-86.5339,33.72121],[-86.52507,33.72124],[-86.52512,33.64871],[-86.53391,33.64881],[-86.53369,33.63438],[-86.54282,33.63437],[-86.54277,33.61984],[-86.55135,33.61997],[-86.55199,33.56089],[-86.54306,33.56122],[-86.54303,33.55396],[-86.51674,33.55338],[-86.51678,33.54602],[-86.48155,33.54607],[-86.48194,33.50254],[-86.37822,33.50241],[-86.37866,33.39098],[-86.37498,33.39586],[-86.36833,33.40136],[-86.36441,33.40616],[-86.35116,33.40834],[-86.34592,33.41104],[-86.34056,33.41791],[-86.33708,33.42404],[-86.32932,33.43178],[-86.32429,33.44323],[-86.31416,33.45074],[-86.30847,33.4536],[-86.30495,33.45705],[-86.30313,33.46075],[-86.30327,33.46719],[-86.29777,33.47949],[-86.29476,33.4834],[-86.28885,33.48615],[-86.28684,33.48798],[-86.28631,33.49018],[-86.28797,33.49752],[-86.2868,33.50328],[-86.28061,33.51103],[-86.26968,33.51456],[-86.26658,33.51464],[-86.26453,33.51358],[-86.26309,33.51212],[-86.26209,33.50912],[-86.26279,33.50594],[-86.26551,33.50128],[-86.2656,33.49635],[-86.26312,33.49221],[-86.25882,33.48961],[-86.25326,33.48884],[-86.23533,33.49453],[-86.23232,33.49676],[-86.23037,33.49967],[-86.2312,33.50843],[-86.22658,33.52055],[-86.22499,33.5226],[-86.21011,33.53259],[-86.19589,33.53868],[-86.19183,33.54193],[-86.18992,33.54534],[-86.18981,33.54724],[-86.19121,33.55106],[-86.19248,33.55297],[-86.19551,33.55514],[-86.20419,33.55777],[-86.21039,33.56149],[-86.2126,33.56503],[-86.21284,33.56675],[-86.21143,33.57151],[-86.21172,33.5734],[-86.21297,33.57576],[-86.21981,33.58277],[-86.22102,33.58792],[-86.21946,33.59099],[-86.21755,33.59262],[-86.21301,33.59467],[-86.18962,33.5911],[-86.18665,33.59163],[-86.18398,33.59425],[-86.18384,33.59667],[-86.1858,33.59872],[-86.19613,33.60342],[-86.19949,33.60607],[-86.20073,33.6102],[-86.19878,33.61282],[-86.1926,33.61464],[-86.17517,33.61499],[-86.1721,33.61631],[-86.16948,33.61924],[-86.16534,33.63019],[-86.16461,33.6343],[-86.16629,33.64083],[-86.17138,33.65324],[-86.17244,33.65983]]]},"properties":{"GEOID":"01115","BASENAME":"St. Clair","NAME":"St. Clair County"}},{"type":"Feature","geometry":{"type":"Polygon","coordinates":[[[-85.65259,32.23351],[-85.58411,32.23316],[-85.43354,32.23465],[-85.43475,32.31645],[-85.43404,32.40984],[-85.43857,32.49709],[-85.48935,32.49694],[-85.56558,32.52861],[-85.58125,32.53333],[-85.59302,32.53995],[-85.66105,32.56793],[-85.66125,32.58233],[-85.69565,32.58203],[-85.69585,32.59593],[-85.71276,32.59573],[-85.71265,32.58183],[-85.79859,32.58109],[-85.79716,32.49424],[-85.88615,32.49305],[-85.87969,32.48915],[-85.87582,32.48493],[-85.87031,32.48147],[-85.86252,32.47935],[-85.85541,32.48038],[-85.85354,32.4789],[-85.85272,32.47701],[-85.85304,32.47526],[-85.85462,32.47485],[-85.86249,32.4764],[-85.87449,32.47292],[-85.87452,32.46904],[-85.87851,32.46416],[-85.87854,32.45908],[-85.88222,32.45499],[-85.88226,32.4541],[-85.88082,32.45277],[-85.87841,32.45186],[-85.87925,32.44978],[-85.89309,32.44733],[-85.89947,32.4502],[-85.90597,32.45016],[-85.9224,32.45184],[-85.92996,32.45428],[-85.9376,32.44982],[-85.94445,32.44429],[-85.95378,32.44112],[-85.95718,32.44076],[-85.96062,32.44207],[-85.96254,32.44569],[-85.96285,32.44854],[-85.96401,32.44956],[-85.97345,32.45345],[-85.97678,32.45402],[-85.97967,32.4529],[-85.98063,32.45054],[-85.97875,32.44846],[-85.97488,32.4468],[-85.9744,32.4457],[-85.97955,32.44087],[-85.98366,32.43939],[-85.98944,32.44562],[-85.99004,32.44754],[-85.98925,32.45127],[-85.99009,32.45247],[-85.99214,32.4525],[-85.99349,32.45151],[-85.99645,32.44577],[-85.99558,32.44248],[-85.99049,32.43529],[-85.99065,32.43305],[-85.99256,32.43013],[-85.9954,32.42806],[-85.99996,32.42697],[-86.00735,32.42869],[-86.00842,32.42835],[-86.01664,32.4208],[-86.02067,32.41954],[-86.02301,32.41998],[-86.0227,32.41828],[-86.02139,32.41724],[-86.02026,32.41002],[-86.01781,32.41098],[-86.01624,32.41034],[-86.01437,32.4086],[-86.01498,32.40665],[-86.01099,32.40513],[-86.01408,32.39714],[-86.01338,32.39571],[-86.01044,32.39453],[-86.01231,32.39277],[-86.01155,32.38951],[-86.01455,32.38578],[-86.01458,32.38429],[-86.01165,32.38203],[-86.00963,32.37922],[-86.00941,32.37671],[-86.00672,32.37581],[-86.00337,32.3716],[-86.00314,32.36924],[-86.00522,32.36991],[-86.00538,32.36913],[-85.99905,32.36721],[-85.99934,32.36648],[-86.00201,32.3672],[-86.00118,32.36526],[-85.9997,32.36448],[-86.00026,32.36266],[-85.99889,32.36307],[-85.9968,32.36037],[-85.99406,32.36019],[-85.99547,32.35783],[-85.99382,32.35811],[-85.99405,32.35583],[-85.99262,32.35578],[-85.99436,32.3552],[-85.99509,32.35376],[-85.9937,32.35141],[-85.9952,32.35141],[-85.99318,32.34891],[-85.99446,32.34878],[-85.99394,32.34758],[-85.99535,32.34724],[-85.99451,32.34626],[-85.99322,32.34717],[-85.99154,32.34707],[-85.99304,32.34571],[-85.99233,32.34572],[-85.99242,32.34454],[-85.99149,32.34501],[-85.99158,32.34299],[-85.99322,32.34252],[-85.99091,32.34149],[-85.9928,32.3399],[-85.99226,32.33801],[-85.99054,32.33905],[-85.9903,32.33755],[-85.99162,32.33731],[-85.99142,32.33613],[-85.98933,32.33586],[-85.98865,32.33461],[-85.98583,32.3358],[-85.98467,32.33413],[-85.98292,32.33381],[-85.98048,32.33443],[-85.97864,32.33324],[-85.97756,32.33396],[-85.97649,32.33298],[-85.97214,32.33351],[-85.97221,32.3323],[-85.9709,32.33395],[-85.97075,32.33244],[-85.96932,32.33365],[-85.96908,32.33266],[-85.96694,32.33197],[-85.96709,32.33052],[-85.96797,32.33001],[-85.96739,32.32891],[-85.96785,32.32774],[-85.96623,32.32773],[-85.96645,32.32511],[-85.95846,32.32348],[-85.95902,32.32311],[-85.9583,32.32181],[-85.95978,32.32124],[-85.95791,32.32001],[-85.9578,32.31915],[-85.95937,32.31878],[-85.95835,32.3183],[-85.95876,32.31735],[-85.95692,32.31767],[-85.95736,32.31657],[-85.95579,32.31654],[-85.95716,32.31197],[-85.95689,32.31008],[-85.95477,32.30781],[-85.95505,32.30534],[-85.95415,32.30186],[-85.95098,32.2989],[-85.94997,32.29898],[-85.94871,32.2955],[-85.94643,32.29516],[-85.94651,32.29382],[-85.9443,32.29318],[-85.94429,32.29078],[-85.94087,32.28953],[-85.94046,32.28732],[-85.93764,32.28647],[-85.93624,32.28727],[-85.93409,32.28565],[-85.93011,32.2856],[-85.92983,32.28472],[-85.92707,32.28431],[-85.92723,32.2836],[-85.92559,32.28242],[-85.92357,32.28291],[-85.92054,32.28079],[-85.9204,32.27865],[-85.91858,32.27664],[-85.91943,32.27656],[-85.91929,32.27438],[-85.89869,32.27499],[-85.89866,32.30527],[-85.89496,32.30458],[-85.89362,32.30065],[-85.89382,32.29849],[-85.89109,32.29782],[-85.8892,32.29579],[-85.88298,32.29493],[-85.87919,32.29177],[-85.8779,32.29158],[-85.87762,32.28684],[-85.87656,32.28654],[-85.87582,32.28539],[-85.87618,32.2843],[-85.87464,32.28315],[-85.87585,32.28276],[-85.87468,32.2819],[-85.8761,32.27903],[-85.87543,32.27797],[-85.87315,32.27714],[-85.87315,32.27508],[-85.87204,32.27499],[-85.87129,32.27361],[-85.87312,32.27306],[-85.87373,32.27409],[-85.87514,32.27366],[-85.87532,32.27226],[-85.87463,32.27175],[-85.87519,32.26991],[-85.87429,32.27016],[-85.87383,32.26937],[-85.87508,32.26746],[-85.87769,32.26771],[-85.87761,32.2662],[-85.87881,32.26543],[-85.87814,32.26504],[-85.87904,32.26106],[-85.87681,32.25736],[-85.878,32.25572],[-85.8775,32.25439],[-85.87826,32.2536],[-85.87816,32.25238],[-85.87701,32.2515],[-85.87766,32.25014],[-85.87631,32.24946],[-85.8772,32.24851],[-85.8758,32.248],[-85.87648,32.24696],[-85.87606,32.24634],[-85.87326,32.24548],[-85.87006,32.24639],[-85.8709,32.24453],[-85.86949,32.24433],[-85.86858,32.24307],[-85.86807,32.23996],[-85.8665,32.24006],[-85.86454,32.23685],[-85.86345,32.237],[-85.86286,32.23489],[-85.86221,32.23538],[-85.86126,32.23422],[-85.86107,32.2352],[-85.86039,32.23452],[-85.85829,32.23457],[-85.85889,32.23373],[-85.85711,32.23389],[-85.85774,32.2334],[-85.85725,32.23238],[-85.85674,32.23302],[-85.85648,32.23237],[-85.85523,32.23265],[-85.85622,32.23197],[-85.77789,32.23335],[-85.65259,32.23351]]]},"properties":{"GEOID":"01087","BASENAME":"Macon","NAME":"Macon County"}},{"type":"Feature","geometry":{"type":"Polygon","coordinates":[[[-85.41643,31.61985],[-85.41533,31.50048],[-85.41804,31.44077],[-85.41653,31.37518],[-85.41743,31.31497],[-85.37493,31.31457],[-85.26205,31.31021],[-85.25488,31.31006],[-85.25283,31.3108],[-85.24653,31.30978],[-85.17913,31.30768],[-85.08765,31.30868],[-85.0874,31.31122],[-85.08378,31.31821],[-85.08415,31.32831],[-85.08899,31.33429],[-85.08942,31.33603],[-85.08709,31.34032],[-85.08592,31.35315],[-85.08741,31.35443],[-85.09099,31.35443],[-85.09179,31.35521],[-85.09262,31.35747],[-85.09233,31.36405],[-85.08763,31.37274],[-85.0847,31.38106],[-85.08243,31.38454],[-85.0804,31.39393],[-85.07763,31.39888],[-85.07739,31.40284],[-85.07998,31.41047],[-85.07982,31.41173],[-85.07675,31.41597],[-85.07589,31.42493],[-85.0737,31.42896],[-85.07189,31.42926],[-85.06855,31.42731],[-85.06601,31.43053],[-85.06595,31.44298],[-85.0667,31.44729],[-85.06927,31.45347],[-85.06929,31.45918],[-85.07162,31.46838],[-85.06526,31.48492],[-85.0621,31.48802],[-85.06021,31.49406],[-85.05693,31.50017],[-85.04499,31.51823],[-85.04456,31.52091],[-85.04765,31.52375],[-85.04826,31.52601],[-85.04181,31.53775],[-85.04136,31.5425],[-85.04255,31.54595],[-85.0457,31.54871],[-85.05084,31.55555],[-85.05293,31.56289],[-85.05796,31.57084],[-85.05772,31.57306],[-85.05528,31.5776],[-85.05844,31.58369],[-85.05812,31.59361],[-85.05598,31.60517],[-85.05693,31.60646],[-85.06055,31.60822],[-85.06042,31.61127],[-85.05753,31.61688],[-85.05817,31.62023],[-85.05953,31.62172],[-85.06763,31.62527],[-85.07383,31.62957],[-85.08003,31.63687],[-85.08623,31.63857],[-85.08703,31.64097],[-85.08263,31.65027],[-85.07803,31.65157],[-85.07913,31.65477],[-85.08043,31.65597],[-85.08783,31.65787],[-85.09243,31.65997],[-85.10603,31.67507],[-85.10943,31.67747],[-85.11393,31.68686],[-85.12233,31.69126],[-85.12553,31.69496],[-85.12563,31.70157],[-85.12683,31.70897],[-85.12653,31.71676],[-85.12573,31.71886],[-85.12223,31.72276],[-85.12223,31.72646],[-85.12133,31.72886],[-85.11913,31.73096],[-85.11893,31.73266],[-85.12023,31.73536],[-85.12203,31.74406],[-85.12903,31.75766],[-85.12913,31.75906],[-85.12733,31.76256],[-85.12783,31.76316],[-85.13243,31.76556],[-85.13233,31.76636],[-85.13343,31.76656],[-85.13243,31.76726],[-85.13403,31.76686],[-85.13493,31.76826],[-85.13893,31.76956],[-85.13943,31.76806],[-85.14111,31.76718],[-85.14283,31.76846],[-85.14192,31.76926],[-85.14362,31.76996],[-85.14262,31.77075],[-85.14323,31.77126],[-85.14403,31.77085],[-85.14843,31.77347],[-85.15103,31.77336],[-85.15124,31.77436],[-85.15313,31.77296],[-85.15433,31.77387],[-85.15623,31.77166],[-85.15984,31.77156],[-85.16043,31.77057],[-85.15993,31.76966],[-85.16179,31.76864],[-85.161,31.76562],[-85.16502,31.76246],[-85.16471,31.76098],[-85.16538,31.76001],[-85.16923,31.76099],[-85.17188,31.75866],[-85.17213,31.75713],[-85.1754,31.75596],[-85.17548,31.75387],[-85.18237,31.75344],[-85.18247,31.75149],[-85.18689,31.74935],[-85.18866,31.74621],[-85.19164,31.74749],[-85.19858,31.74316],[-85.20507,31.74257],[-85.20646,31.74124],[-85.20668,31.73684],[-85.20877,31.73237],[-85.20885,31.7283],[-85.21088,31.72548],[-85.21139,31.71689],[-85.20911,31.71173],[-85.21,31.70965],[-85.21608,31.70241],[-85.31963,31.70571],[-85.41604,31.70666],[-85.41643,31.61985]]]},"properties":{"GEOID":"01067","BASENAME":"Henry","NAME":"Henry County"}},{"type":"Feature","geometry":{"type":"Polygon","coordinates":[[[-85.32892,30.99934],[-85.24363,31.00088],[-85.0025,31.00069],[-84.99995,31.00856],[-84.99943,31.01384],[-85.00455,31.01918],[-85.00505,31.0247],[-85.00941,31.03238],[-85.00882,31.04557],[-85.01264,31.0554],[-85.01815,31.05925],[-85.02129,31.06537],[-85.02857,31.07458],[-85.02607,31.08418],[-85.02974,31.09616],[-85.03546,31.10434],[-85.03562,31.10819],[-85.03706,31.10975],[-85.0442,31.11363],[-85.05018,31.11892],[-85.05287,31.11949],[-85.05468,31.12082],[-85.05622,31.12518],[-85.06043,31.1315],[-85.06243,31.13952],[-85.06403,31.1425],[-85.06933,31.14701],[-85.07082,31.15003],[-85.07567,31.15493],[-85.07663,31.15693],[-85.08358,31.15963],[-85.09211,31.16029],[-85.10021,31.16549],[-85.09851,31.18015],[-85.10205,31.18473],[-85.10442,31.18565],[-85.1065,31.18531],[-85.10752,31.18645],[-85.10813,31.19564],[-85.10696,31.20269],[-85.0987,31.21129],[-85.09871,31.21951],[-85.09676,31.22565],[-85.09884,31.23252],[-85.10247,31.23786],[-85.10546,31.24686],[-85.11235,31.25958],[-85.11326,31.26434],[-85.11198,31.26799],[-85.1119,31.27248],[-85.1146,31.27733],[-85.11288,31.28005],[-85.11036,31.28175],[-85.09871,31.28446],[-85.09316,31.28969],[-85.08977,31.29503],[-85.08977,31.29771],[-85.0877,31.30405],[-85.08765,31.30868],[-85.17913,31.30768],[-85.24653,31.30978],[-85.25283,31.3108],[-85.25488,31.31006],[-85.26205,31.31021],[-85.37493,31.31457],[-85.41743,31.31497],[-85.41707,31.28619],[-85.48544,31.28709],[-85.48594,31.24594],[-85.49679,31.24722],[-85.50453,31.24649],[-85.50888,31.25017],[-85.51632,31.25237],[-85.52016,31.25217],[-85.52488,31.25341],[-85.52656,31.25205],[-85.53057,31.2521],[-85.53238,31.25137],[-85.53467,31.25327],[-85.54041,31.25307],[-85.54611,31.25387],[-85.54918,31.25563],[-85.55067,31.25556],[-85.55137,31.25701],[-85.5531,31.25687],[-85.55401,31.25806],[-85.55678,31.25866],[-85.55907,31.26035],[-85.56041,31.25999],[-85.56294,31.26123],[-85.565,31.2632],[-85.56873,31.26212],[-85.57569,31.26452],[-85.58553,31.26418],[-85.58679,31.26553],[-85.58962,31.2659],[-85.58964,31.26709],[-85.59284,31.26773],[-85.59479,31.27013],[-85.59567,31.26963],[-85.59935,31.27025],[-85.60346,31.27251],[-85.6085,31.27155],[-85.6096,31.27322],[-85.61379,31.2734],[-85.61576,31.27262],[-85.61915,31.27436],[-85.62072,31.27432],[-85.62168,31.27324],[-85.62227,31.27423],[-85.62493,31.27373],[-85.62576,31.27452],[-85.62645,31.27434],[-85.62642,31.27333],[-85.62909,31.27381],[-85.63075,31.27274],[-85.636,31.27558],[-85.64195,31.27258],[-85.64443,31.27221],[-85.64643,31.27322],[-85.64985,31.27233],[-85.65148,31.27272],[-85.65292,31.2716],[-85.65494,31.27196],[-85.65732,31.27038],[-85.65999,31.27089],[-85.66612,31.26732],[-85.66684,31.26308],[-85.67028,31.26012],[-85.67124,31.25744],[-85.67511,31.25556],[-85.67119,31.24969],[-85.67879,31.2389],[-85.68058,31.23769],[-85.68903,31.23622],[-85.68914,31.23251],[-85.68754,31.22877],[-85.69037,31.22582],[-85.6893,31.22234],[-85.69052,31.22078],[-85.69434,31.21931],[-85.69151,31.21585],[-85.6917,31.21345],[-85.69426,31.21329],[-85.69237,31.21191],[-85.69231,31.21056],[-85.69335,31.20992],[-85.69514,31.21024],[-85.69514,31.20781],[-85.69719,31.20678],[-85.69666,31.20471],[-85.69839,31.20416],[-85.69948,31.20524],[-85.70047,31.20494],[-85.70111,31.20389],[-85.70058,31.20153],[-85.7042,31.20153],[-85.70585,31.20228],[-85.70673,31.19713],[-85.70934,31.19846],[-85.71244,31.19688],[-85.71198,31.19569],[-85.71033,31.19517],[-85.58573,31.19488],[-85.48576,31.19989],[-85.48554,31.08159],[-85.4883,30.99706],[-85.32892,30.99934]]]},"properties":{"GEOID":"01069","BASENAME":"Houston","NAME":"Houston County"}},{"type":"Feature","geometry":{"type":"Polygon","coordinates":[[[-85.62028,31.9455],[-85.61551,31.94816],[-85.61197,31.95347],[-85.60936,31.95466],[-85.60552,31.95961],[-85.60477,31.96085],[-85.60485,31.96598],[-85.60362,31.97128],[-85.60233,31.97323],[-85.59677,31.9771],[-85.59494,31.98164],[-85.59386,31.98248],[-85.59424,31.98441],[-85.59247,31.98624],[-85.59357,31.9927],[-85.59255,31.99426],[-85.58757,31.9973],[-85.53814,31.99805],[-85.53484,31.99506],[-85.52963,31.99954],[-85.51236,31.99969],[-85.51264,32.01405],[-85.47064,32.01416],[-85.47114,32.02226],[-85.46304,32.02235],[-85.46254,32.01436],[-85.42848,32.01495],[-85.42882,32.03469],[-85.43031,32.05196],[-85.42744,32.13935],[-85.41004,32.13945],[-85.41024,32.14665],[-85.42744,32.14655],[-85.43354,32.23465],[-85.5884,32.23315],[-85.77789,32.23335],[-85.85622,32.23197],[-85.85523,32.23265],[-85.85648,32.23237],[-85.85674,32.23302],[-85.85725,32.23238],[-85.85774,32.2334],[-85.85711,32.23389],[-85.85889,32.23373],[-85.85829,32.23457],[-85.86039,32.23452],[-85.86107,32.2352],[-85.86126,32.23422],[-85.86221,32.23538],[-85.86286,32.23489],[-85.86345,32.237],[-85.86454,32.23685],[-85.8665,32.24006],[-85.86803,32.23993],[-85.86858,32.24307],[-85.86949,32.24433],[-85.8709,32.24453],[-85.87009,32.24641],[-85.87326,32.24548],[-85.87647,32.2467],[-85.8758,32.248],[-85.87718,32.24839],[-85.8763,32.24944],[-85.87749,32.24978],[-85.87778,32.2509],[-85.87701,32.2515],[-85.87816,32.25238],[-85.87826,32.2536],[-85.8775,32.25439],[-85.878,32.25572],[-85.87681,32.25736],[-85.87904,32.26106],[-85.87814,32.26504],[-85.87881,32.26543],[-85.87761,32.2662],[-85.87769,32.26771],[-85.87508,32.26746],[-85.87383,32.26937],[-85.87429,32.27016],[-85.87519,32.26991],[-85.87463,32.27175],[-85.87532,32.27226],[-85.87514,32.27366],[-85.87373,32.27409],[-85.87312,32.27306],[-85.8713,32.27374],[-85.87204,32.27499],[-85.87315,32.27508],[-85.87315,32.27714],[-85.87543,32.27797],[-85.8761,32.27903],[-85.87468,32.2819],[-85.87585,32.28276],[-85.87464,32.28315],[-85.87618,32.2843],[-85.87582,32.28539],[-85.87656,32.28654],[-85.87762,32.28684],[-85.8779,32.29158],[-85.87919,32.29177],[-85.88298,32.29493],[-85.8892,32.29579],[-85.89109,32.29782],[-85.89382,32.29849],[-85.89393,32.3019],[-85.89496,32.30458],[-85.89639,32.30521],[-85.89884,32.30517],[-85.89869,32.27499],[-85.98656,32.27234],[-85.98655,32.25064],[-85.99926,32.25018],[-85.99685,32.05105],[-85.99256,32.05095],[-85.99257,32.04745],[-85.98405,32.04745],[-85.98406,32.05105],[-85.97593,32.05124],[-85.97591,32.05443],[-85.95025,32.05455],[-85.9501,32.05816],[-85.95445,32.05815],[-85.95455,32.06175],[-85.9463,32.06189],[-85.94628,32.05457],[-85.91176,32.05475],[-85.91146,32.04736],[-85.89365,32.04735],[-85.89265,31.98905],[-85.889,31.98895],[-85.88903,31.98177],[-85.88425,31.98185],[-85.88435,31.96725],[-85.79005,31.96725],[-85.79105,31.92422],[-85.79105,31.88036],[-85.65767,31.88027],[-85.65606,31.88176],[-85.65694,31.88495],[-85.65603,31.88626],[-85.65788,31.88891],[-85.65638,31.88992],[-85.65705,31.89081],[-85.65377,31.89482],[-85.65361,31.89604],[-85.65248,31.8959],[-85.65189,31.90023],[-85.65052,31.89996],[-85.64877,31.90289],[-85.64877,31.91162],[-85.646,31.91251],[-85.6446,31.91487],[-85.64079,31.91677],[-85.64022,31.91828],[-85.64095,31.92103],[-85.63984,31.92277],[-85.63697,31.92362],[-85.63412,31.92682],[-85.63154,31.93195],[-85.62332,31.93855],[-85.62028,31.9455]]]},"properties":{"GEOID":"01011","BASENAME":"Bullock","NAME":"Bullock County"}},{"type":"Feature","geometry":{"type":"Polygon","coordinates":[[[-87.83789,33.24888],[-87.83848,33.43874],[-87.84068,33.52484],[-87.85856,33.52533],[-87.94652,33.52399],[-88.12503,33.53033],[-88.27449,33.534],[-88.31913,33.16802],[-88.32251,33.14236],[-88.32457,33.13325],[-88.32635,33.10978],[-88.34043,32.9912],[-88.2329,32.9949],[-88.17185,32.99586],[-88.17223,33.00322],[-88.17051,33.00454],[-88.16977,33.00729],[-88.17176,33.00867],[-88.16784,33.01075],[-88.1673,33.01275],[-88.16286,33.01574],[-88.16354,33.01914],[-88.15903,33.01891],[-88.15808,33.0212],[-88.15495,33.01959],[-88.1426,33.02584],[-88.14355,33.02804],[-88.14687,33.02985],[-88.14725,33.03356],[-88.15021,33.03533],[-88.15018,33.03643],[-88.14877,33.03776],[-88.14608,33.03874],[-88.14426,33.0361],[-88.14322,33.03594],[-88.14281,33.04055],[-88.14091,33.04124],[-88.13985,33.04007],[-88.13792,33.04075],[-88.13732,33.03752],[-88.13558,33.03656],[-88.13047,33.03649],[-88.1263,33.03834],[-88.12698,33.03963],[-88.12633,33.04047],[-88.11692,33.04228],[-88.11521,33.0418],[-88.1126,33.03913],[-88.10903,33.03713],[-88.10775,33.03363],[-88.10557,33.03347],[-88.10628,33.03585],[-88.10397,33.03739],[-88.09913,33.03574],[-88.09546,33.0356],[-88.09051,33.03911],[-88.08499,33.03606],[-88.08066,33.03755],[-88.07985,33.03863],[-88.08083,33.04007],[-88.08513,33.04149],[-88.08496,33.04408],[-88.08404,33.04562],[-88.08213,33.04575],[-88.08173,33.04294],[-88.0805,33.04218],[-88.07618,33.04268],[-88.07359,33.04452],[-88.07427,33.04926],[-88.07786,33.0472],[-88.0799,33.04782],[-88.08009,33.0497],[-88.07778,33.0527],[-88.07433,33.05263],[-88.07033,33.05073],[-88.065,33.05134],[-88.06451,33.04811],[-88.05882,33.04307],[-88.05706,33.03971],[-88.05289,33.03705],[-88.05112,33.03888],[-88.04938,33.03911],[-88.04563,33.03423],[-88.04343,33.03263],[-88.04286,33.03411],[-88.04574,33.03547],[-88.04664,33.03668],[-88.04498,33.0379],[-88.04152,33.03771],[-88.04136,33.04145],[-88.04019,33.04085],[-88.03383,33.04089],[-88.0338,33.04229],[-88.03138,33.04254],[-88.03298,33.04736],[-88.03401,33.04715],[-88.03423,33.04603],[-88.03894,33.05272],[-88.03934,33.05897],[-88.03562,33.05771],[-88.03602,33.05595],[-88.03369,33.05567],[-88.03295,33.05297],[-88.0323,33.05288],[-88.02912,33.054],[-88.02732,33.05595],[-88.02745,33.05695],[-88.03091,33.05842],[-88.03134,33.06158],[-88.02846,33.06115],[-88.02884,33.06291],[-88.02751,33.06303],[-88.02672,33.06433],[-88.02508,33.06408],[-88.02348,33.06545],[-88.01983,33.06437],[-88.02114,33.06678],[-88.01855,33.06639],[-88.01746,33.06753],[-88.0157,33.06714],[-88.01504,33.06806],[-88.01317,33.06737],[-88.01316,33.06973],[-88.01115,33.06959],[-88.01216,33.07051],[-88.01139,33.07129],[-88.00935,33.07042],[-88.00759,33.07065],[-88.00756,33.072],[-88.00603,33.07181],[-88.00407,33.07365],[-88.00435,33.07268],[-88.00353,33.0717],[-88.00252,33.07268],[-88.00114,33.07261],[-88.00002,33.0705],[-87.99849,33.07147],[-87.99613,33.07135],[-87.99618,33.07346],[-87.99001,33.07287],[-87.98973,33.07427],[-87.9887,33.07463],[-87.98903,33.0753],[-87.98598,33.07821],[-87.98541,33.07839],[-87.98429,33.07667],[-87.98378,33.07892],[-87.98288,33.07789],[-87.98108,33.07821],[-87.98149,33.08061],[-87.9807,33.08098],[-87.97806,33.07949],[-87.97757,33.07775],[-87.9754,33.07832],[-87.96884,33.07764],[-87.96827,33.07817],[-87.96949,33.07901],[-87.9678,33.07892],[-87.96849,33.07993],[-87.96748,33.08062],[-87.96824,33.0816],[-87.96617,33.08227],[-87.96696,33.0841],[-87.96514,33.0841],[-87.96473,33.08513],[-87.96345,33.08538],[-87.96378,33.08688],[-87.96264,33.08591],[-87.96109,33.08811],[-87.95782,33.08683],[-87.9576,33.08827],[-87.95839,33.08887],[-87.95717,33.09006],[-87.95744,33.09169],[-87.95447,33.09116],[-87.95298,33.09636],[-87.95064,33.09838],[-87.95034,33.10344],[-87.94748,33.10621],[-87.94691,33.10814],[-87.94408,33.10892],[-87.94405,33.10784],[-87.94277,33.10784],[-87.94334,33.10972],[-87.94204,33.10935],[-87.94098,33.10999],[-87.94253,33.11148],[-87.94119,33.11226],[-87.93981,33.11134],[-87.93951,33.11327],[-87.93831,33.11467],[-87.93812,33.11345],[-87.93703,33.11343],[-87.93553,33.11375],[-87.93491,33.11513],[-87.93365,33.11556],[-87.93401,33.11361],[-87.93335,33.11318],[-87.93085,33.11554],[-87.93099,33.11629],[-87.92867,33.11668],[-87.92668,33.1214],[-87.92576,33.11858],[-87.92369,33.1203],[-87.92426,33.11751],[-87.92342,33.11705],[-87.92263,33.11732],[-87.92293,33.11877],[-87.92159,33.1195],[-87.92094,33.12113],[-87.91816,33.12037],[-87.91778,33.12147],[-87.91307,33.12353],[-87.91217,33.12353],[-87.91244,33.12211],[-87.91166,33.12156],[-87.91068,33.12165],[-87.91062,33.12337],[-87.90953,33.12369],[-87.90858,33.12289],[-87.90893,33.1214],[-87.90613,33.12135],[-87.90675,33.12261],[-87.90477,33.12314],[-87.90561,33.12442],[-87.90337,33.12549],[-87.90367,33.12683],[-87.90209,33.12694],[-87.90245,33.12814],[-87.89915,33.12839],[-87.89711,33.1299],[-87.89161,33.13148],[-87.8909,33.13106],[-87.8924,33.13012],[-87.89028,33.12983],[-87.88859,33.13251],[-87.8851,33.13179],[-87.88311,33.13363],[-87.8839,33.13571],[-87.88118,33.13569],[-87.8799,33.13718],[-87.87785,33.13729],[-87.8766,33.13926],[-87.87502,33.13834],[-87.87456,33.1393],[-87.87201,33.1393],[-87.8719,33.14033],[-87.87019,33.13969],[-87.86994,33.14091],[-87.86749,33.14029],[-87.86499,33.14176],[-87.86483,33.14343],[-87.86376,33.14307],[-87.86104,33.1441],[-87.86107,33.14291],[-87.8599,33.14249],[-87.86025,33.14135],[-87.85875,33.1416],[-87.85641,33.14018],[-87.8538,33.14243],[-87.85385,33.14396],[-87.852,33.14392],[-87.85233,33.14607],[-87.85167,33.14676],[-87.84601,33.14768],[-87.84462,33.14898],[-87.84266,33.14921],[-87.84165,33.15091],[-87.83964,33.1502],[-87.83986,33.15187],[-87.83852,33.15219],[-87.83752,33.15364],[-87.8366,33.18632],[-87.83789,33.24888]]]},"properties":{"GEOID":"01107","BASENAME":"Pickens","NAME":"Pickens County"}},{"type":"Feature","geometry":{"type":"Polygon","coordinates":[[[-86.19328,31.12512],[-86.19295,31.17911],[-86.194,31.21141],[-86.19334,31.25017],[-86.19636,31.42543],[-86.19395,31.44007],[-86.2107,31.44171],[-86.26188,31.44117],[-86.26019,31.45572],[-86.27703,31.4556],[-86.27808,31.51335],[-86.28016,31.52851],[-86.29889,31.5285],[-86.29735,31.52758],[-86.29802,31.52662],[-86.29935,31.52694],[-86.29892,31.52355],[-86.30133,31.52254],[-86.30142,31.52118],[-86.30427,31.52064],[-86.30445,31.51969],[-86.30696,31.51907],[-86.3113,31.51565],[-86.31331,31.51557],[-86.31367,31.51417],[-86.31492,31.51401],[-86.31815,31.51106],[-86.32002,31.51174],[-86.31846,31.51007],[-86.31985,31.50895],[-86.31919,31.50558],[-86.32393,31.50466],[-86.32475,31.50332],[-86.32359,31.50138],[-86.32654,31.50285],[-86.3277,31.50257],[-86.32831,31.50137],[-86.33059,31.50176],[-86.3291,31.49923],[-86.33062,31.4989],[-86.33258,31.49513],[-86.3336,31.49499],[-86.33358,31.49358],[-86.33441,31.4937],[-86.33458,31.49458],[-86.33539,31.49423],[-86.33501,31.49313],[-86.33658,31.49133],[-86.33558,31.49065],[-86.33854,31.48756],[-86.34096,31.48692],[-86.3459,31.49027],[-86.34776,31.48814],[-86.34701,31.48735],[-86.34538,31.48764],[-86.34704,31.48526],[-86.34814,31.48587],[-86.35404,31.48471],[-86.35429,31.48598],[-86.356,31.48747],[-86.35796,31.486],[-86.35822,31.48747],[-86.35916,31.48784],[-86.36003,31.48677],[-86.36184,31.4875],[-86.36469,31.48713],[-86.36362,31.48478],[-86.36495,31.48079],[-86.36703,31.48031],[-86.36746,31.47769],[-86.37062,31.47628],[-86.36944,31.47564],[-86.3703,31.47369],[-86.37357,31.47243],[-86.37345,31.47406],[-86.37527,31.47408],[-86.37582,31.47216],[-86.37732,31.47231],[-86.37696,31.47032],[-86.37794,31.46976],[-86.37521,31.46789],[-86.37733,31.46655],[-86.3785,31.46808],[-86.3798,31.46793],[-86.37938,31.46572],[-86.3864,31.46016],[-86.38466,31.45826],[-86.38766,31.45731],[-86.38805,31.45875],[-86.38917,31.45623],[-86.39075,31.45595],[-86.39415,31.45302],[-86.3959,31.45252],[-86.39499,31.45135],[-86.39569,31.45068],[-86.39854,31.45132],[-86.39994,31.52713],[-86.41538,31.52557],[-86.49921,31.52533],[-86.52668,31.52438],[-86.70155,31.52395],[-86.70122,31.43664],[-86.67485,31.43656],[-86.67424,31.43546],[-86.67124,31.43401],[-86.67154,31.43248],[-86.6733,31.43289],[-86.6745,31.42941],[-86.67197,31.42329],[-86.6671,31.42123],[-86.66537,31.41877],[-86.66606,31.41657],[-86.66919,31.41632],[-86.66937,31.41518],[-86.66684,31.41022],[-86.66705,31.40796],[-86.66483,31.40695],[-86.66483,31.40603],[-86.66358,31.4053],[-86.66403,31.40376],[-86.66208,31.4028],[-86.66251,31.40145],[-86.66582,31.39948],[-86.66583,31.39207],[-86.67267,31.39049],[-86.6729,31.38829],[-86.67437,31.38978],[-86.67541,31.38946],[-86.67493,31.38701],[-86.67568,31.38563],[-86.67205,31.38417],[-86.67042,31.38249],[-86.66983,31.37894],[-86.66874,31.37747],[-86.67072,31.37587],[-86.66815,31.37517],[-86.66746,31.36901],[-86.67251,31.36374],[-86.67422,31.36361],[-86.67456,31.36242],[-86.67683,31.36209],[-86.67771,31.36345],[-86.67945,31.36168],[-86.68113,31.3623],[-86.67966,31.36037],[-86.68071,31.35863],[-86.67857,31.35781],[-86.68025,31.35696],[-86.68017,31.35611],[-86.68119,31.35586],[-86.68151,31.35458],[-86.68353,31.35275],[-86.68741,31.35279],[-86.68832,31.35155],[-86.68816,31.35009],[-86.68979,31.34879],[-86.69353,31.34938],[-86.69252,31.34748],[-86.69944,31.34808],[-86.70279,31.34539],[-86.69949,31.34263],[-86.69908,31.34057],[-86.70091,31.3375],[-86.70164,31.3375],[-86.70018,31.21097],[-86.70075,31.12294],[-86.70022,31.00042],[-86.68806,31.00018],[-86.68832,30.99451],[-86.56344,30.99522],[-86.5202,30.99326],[-86.36547,30.99455],[-86.29016,30.99369],[-86.23834,30.99437],[-86.18725,30.99402],[-86.18693,31.00308],[-86.19036,31.00306],[-86.19328,31.12512]]]},"properties":{"GEOID":"01039","BASENAME":"Covington","NAME":"Covington County"}},{"type":"Feature","geometry":{"type":"Polygon","coordinates":[[[-85.67511,31.25556],[-85.67124,31.25744],[-85.67028,31.26012],[-85.66684,31.26308],[-85.66612,31.26732],[-85.65999,31.27089],[-85.65732,31.27038],[-85.65494,31.27196],[-85.65292,31.2716],[-85.65148,31.27272],[-85.64985,31.27233],[-85.64643,31.27322],[-85.64443,31.27221],[-85.64195,31.27258],[-85.63531,31.27556],[-85.63312,31.27356],[-85.63075,31.27274],[-85.62909,31.27381],[-85.62642,31.27333],[-85.62645,31.27434],[-85.62576,31.27452],[-85.62493,31.27373],[-85.62227,31.27423],[-85.62168,31.27324],[-85.62072,31.27432],[-85.61915,31.27436],[-85.61576,31.27262],[-85.61379,31.2734],[-85.6096,31.27322],[-85.6085,31.27155],[-85.60346,31.27251],[-85.59935,31.27025],[-85.59567,31.26963],[-85.59479,31.27013],[-85.59284,31.26773],[-85.58964,31.26709],[-85.58962,31.2659],[-85.58679,31.26553],[-85.58553,31.26418],[-85.57569,31.26452],[-85.56873,31.26212],[-85.56524,31.26326],[-85.56041,31.25999],[-85.55907,31.26035],[-85.55678,31.25866],[-85.55401,31.25806],[-85.5531,31.25687],[-85.55137,31.25701],[-85.55067,31.25556],[-85.54918,31.25563],[-85.54457,31.25353],[-85.53467,31.25327],[-85.53238,31.25137],[-85.53057,31.2521],[-85.52656,31.25205],[-85.52488,31.25341],[-85.52016,31.25217],[-85.51632,31.25237],[-85.50888,31.25017],[-85.50453,31.24649],[-85.49679,31.24722],[-85.48619,31.2459],[-85.48544,31.28709],[-85.41707,31.28619],[-85.41775,31.30421],[-85.41653,31.37518],[-85.41804,31.44077],[-85.41533,31.50048],[-85.41644,31.61947],[-85.46704,31.62057],[-85.49996,31.62027],[-85.58544,31.61756],[-85.78914,31.61796],[-85.78914,31.50017],[-85.79034,31.44377],[-85.78959,31.3727],[-85.79138,31.29169],[-85.7914,31.19635],[-85.71033,31.19517],[-85.71228,31.19594],[-85.71209,31.19727],[-85.70878,31.19848],[-85.70673,31.19713],[-85.70585,31.20228],[-85.7042,31.20153],[-85.70058,31.20153],[-85.70111,31.20389],[-85.70047,31.20494],[-85.69948,31.20524],[-85.69839,31.20416],[-85.69666,31.20471],[-85.69719,31.20678],[-85.69514,31.20781],[-85.69514,31.21024],[-85.69335,31.20992],[-85.69231,31.21056],[-85.69237,31.21191],[-85.69426,31.21329],[-85.6917,31.21345],[-85.69151,31.21585],[-85.69434,31.21931],[-85.69052,31.22078],[-85.6893,31.22234],[-85.69037,31.22582],[-85.68754,31.22877],[-85.68914,31.23251],[-85.68909,31.23609],[-85.67973,31.23808],[-85.67162,31.2488],[-85.67133,31.25065],[-85.67511,31.25556]]]},"properties":{"GEOID":"01045","BASENAME":"Dale","NAME":"Dale County"}},{"type":"Feature","geometry":{"type":"Polygon","coordinates":[[[-87.15555,33.22983],[-87.15207,33.23248],[-87.14355,33.23247],[-87.1435,33.23619],[-87.12187,33.23584],[-87.12151,33.22147],[-87.1041,33.22146],[-87.07664,33.24683],[-87.06574,33.24691],[-87.06575,33.27594],[-87.07463,33.27602],[-87.0746,33.27968],[-87.08755,33.27967],[-87.0875,33.29067],[-87.12676,33.29084],[-87.12714,33.30601],[-87.16201,33.30659],[-87.16217,33.32101],[-87.17964,33.32111],[-87.18001,33.34298],[-87.19741,33.34309],[-87.19758,33.35813],[-87.21492,33.35832],[-87.21483,33.3658],[-87.232,33.36585],[-87.23205,33.39514],[-87.24931,33.39558],[-87.2487,33.41043],[-87.25376,33.41031],[-87.25379,33.41781],[-87.26698,33.41795],[-87.26684,33.4247],[-87.28428,33.42571],[-87.28436,33.44058],[-87.31439,33.44172],[-87.31411,33.45573],[-87.33558,33.45625],[-87.33551,33.47043],[-87.3417,33.4705],[-87.3372,33.4754],[-87.33441,33.47986],[-87.33174,33.48553],[-87.33117,33.49089],[-87.32918,33.49266],[-87.32384,33.49282],[-87.31461,33.48725],[-87.30704,33.49018],[-87.30348,33.48994],[-87.30136,33.48832],[-87.29771,33.48021],[-87.29416,33.47917],[-87.28851,33.47936],[-87.28611,33.48066],[-87.28485,33.48304],[-87.28502,33.48578],[-87.28889,33.49619],[-87.28889,33.49861],[-87.28738,33.50119],[-87.28394,33.50258],[-87.28039,33.50247],[-87.27479,33.50045],[-87.27109,33.49774],[-87.26719,33.49719],[-87.26262,33.49914],[-87.2606,33.50297],[-87.26131,33.50651],[-87.26692,33.51293],[-87.31824,33.51417],[-87.31853,33.58739],[-87.37104,33.58707],[-87.37112,33.6017],[-87.40564,33.60157],[-87.48604,33.60365],[-87.5,33.60482],[-87.58463,33.60717],[-87.63172,33.60983],[-87.63161,33.58067],[-87.66663,33.57981],[-87.66666,33.52167],[-87.73665,33.51957],[-87.84068,33.52484],[-87.83848,33.43874],[-87.83828,33.2539],[-87.8366,33.18632],[-87.83899,33.09396],[-87.83146,33.09386],[-87.83223,33.01726],[-87.711,33.01772],[-87.71185,33.01576],[-87.71441,33.01392],[-87.71433,33.01228],[-87.71611,33.00872],[-87.71571,33.00682],[-87.62561,33.00472],[-87.42194,33.00338],[-87.31854,33.00618],[-87.31807,33.02252],[-87.31158,33.09393],[-87.28194,33.13306],[-87.19932,33.13066],[-87.19915,33.19655],[-87.15555,33.22983]]]},"properties":{"GEOID":"01125","BASENAME":"Tuscaloosa","NAME":"Tuscaloosa County"}},{"type":"Feature","geometry":{"type":"Polygon","coordinates":[[[-87.50262,31.8292],[-87.24455,31.8318],[-87.22828,31.83142],[-87.21408,31.8285],[-87.13538,31.82834],[-86.9069,31.83063],[-86.90894,31.96167],[-86.85758,31.96217],[-86.85875,32.03539],[-86.85658,32.04835],[-86.98853,32.04723],[-87.17786,32.04751],[-87.17868,32.04881],[-87.17751,32.05203],[-87.17582,32.0509],[-87.1755,32.05188],[-87.17407,32.05236],[-87.17524,32.05356],[-87.17428,32.05461],[-87.17791,32.05582],[-87.17567,32.05751],[-87.17727,32.05968],[-87.17662,32.06011],[-87.17555,32.05901],[-87.17451,32.05986],[-87.17503,32.0606],[-87.17654,32.06036],[-87.17763,32.06179],[-87.17581,32.0634],[-87.17558,32.0647],[-87.17731,32.06468],[-87.17819,32.06612],[-87.18096,32.06751],[-87.185,32.06625],[-87.18606,32.06688],[-87.18542,32.06813],[-87.18737,32.06846],[-87.18878,32.06758],[-87.1888,32.06903],[-87.19168,32.07052],[-87.19027,32.07115],[-87.19229,32.0723],[-87.19095,32.07382],[-87.19468,32.07572],[-87.19305,32.07723],[-87.19194,32.07612],[-87.19105,32.07993],[-87.18943,32.08056],[-87.189,32.08301],[-87.18999,32.08615],[-87.19096,32.08459],[-87.19605,32.08441],[-87.19712,32.08755],[-87.19895,32.08759],[-87.20044,32.08894],[-87.19931,32.09004],[-87.20356,32.09073],[-87.20504,32.09362],[-87.20781,32.09217],[-87.20773,32.09066],[-87.209,32.09229],[-87.20881,32.09325],[-87.21026,32.09279],[-87.21034,32.09117],[-87.21134,32.09167],[-87.21077,32.0935],[-87.21239,32.09279],[-87.21212,32.0916],[-87.21314,32.09146],[-87.21368,32.09341],[-87.21726,32.09279],[-87.21842,32.09451],[-87.22071,32.09398],[-87.2217,32.09611],[-87.22238,32.09579],[-87.22227,32.09382],[-87.22318,32.09352],[-87.22849,32.09803],[-87.22988,32.09831],[-87.23056,32.09957],[-87.23241,32.10027],[-87.23264,32.1014],[-87.23386,32.10142],[-87.23387,32.10432],[-87.23503,32.10492],[-87.23561,32.10822],[-87.23745,32.11131],[-87.23559,32.11338],[-87.23787,32.11438],[-87.23733,32.11537],[-87.23966,32.11553],[-87.23912,32.11709],[-87.24118,32.11629],[-87.24036,32.11803],[-87.24359,32.11979],[-87.24637,32.11996],[-87.24454,32.12076],[-87.24493,32.12199],[-87.24785,32.12128],[-87.25159,32.12343],[-87.25698,32.12284],[-87.25738,32.12047],[-87.25843,32.12036],[-87.26116,32.12375],[-87.25224,32.1358],[-87.252,32.14265],[-87.25834,32.1397],[-87.25894,32.14152],[-87.25657,32.14472],[-87.2591,32.14355],[-87.26083,32.14377],[-87.26114,32.14536],[-87.26285,32.14701],[-87.26938,32.14401],[-87.27006,32.14642],[-87.27252,32.1493],[-87.27263,32.14687],[-87.27409,32.14511],[-87.27722,32.14689],[-87.28002,32.14468],[-87.28259,32.14453],[-87.28335,32.14567],[-87.28205,32.14759],[-87.28246,32.149],[-87.28634,32.1493],[-87.28302,32.15218],[-87.28346,32.15299],[-87.28605,32.1533],[-87.2868,32.15453],[-87.28414,32.15636],[-87.28862,32.15737],[-87.28824,32.16079],[-87.29034,32.16154],[-87.28813,32.1632],[-87.29113,32.16378],[-87.29178,32.16735],[-87.29274,32.1679],[-87.2939,32.16731],[-87.29773,32.16351],[-87.30215,32.16362],[-87.30201,32.16582],[-87.29835,32.16731],[-87.30457,32.1674],[-87.30333,32.16942],[-87.30473,32.17013],[-87.30527,32.17187],[-87.30802,32.17357],[-87.30721,32.17583],[-87.31247,32.17744],[-87.31187,32.18133],[-87.31001,32.18323],[-87.31061,32.18518],[-87.31354,32.18635],[-87.31336,32.18234],[-87.31635,32.18026],[-87.31796,32.18126],[-87.31624,32.1833],[-87.3175,32.18488],[-87.32176,32.18314],[-87.32324,32.18362],[-87.32144,32.18651],[-87.32343,32.18772],[-87.32365,32.18926],[-87.32074,32.1919],[-87.32061,32.19306],[-87.32131,32.19442],[-87.32343,32.1949],[-87.32521,32.19939],[-87.32688,32.19879],[-87.32564,32.196],[-87.32837,32.19524],[-87.33111,32.19808],[-87.33335,32.19723],[-87.33667,32.19785],[-87.33796,32.19982],[-87.34125,32.20094],[-87.34392,32.19797],[-87.34494,32.20081],[-87.34758,32.202],[-87.34815,32.20147],[-87.34588,32.19829],[-87.34901,32.19984],[-87.34985,32.19945],[-87.34923,32.19757],[-87.35036,32.1976],[-87.35402,32.20202],[-87.35516,32.20131],[-87.35445,32.19929],[-87.35682,32.1987],[-87.35788,32.19698],[-87.3606,32.19718],[-87.36294,32.19599],[-87.36488,32.19686],[-87.36585,32.19789],[-87.36291,32.1986],[-87.36197,32.20236],[-87.36324,32.2035],[-87.36666,32.2024],[-87.36774,32.206],[-87.37076,32.20627],[-87.37352,32.20959],[-87.3726,32.21278],[-87.37465,32.21425],[-87.37325,32.21654],[-87.37458,32.22204],[-87.37596,32.22183],[-87.378,32.2236],[-87.38086,32.22199],[-87.3886,32.22289],[-87.38563,32.22548],[-87.38658,32.22704],[-87.38938,32.22809],[-87.38665,32.23249],[-87.38989,32.23357],[-87.38849,32.23602],[-87.3907,32.2357],[-87.39156,32.23941],[-87.39258,32.2398],[-87.39428,32.23733],[-87.39781,32.24026],[-87.39876,32.2396],[-87.39816,32.23786],[-87.3987,32.23699],[-87.40099,32.23701],[-87.40256,32.23818],[-87.40261,32.2363],[-87.40908,32.23674],[-87.40943,32.23779],[-87.41251,32.23956],[-87.4142,32.24263],[-87.41722,32.24272],[-87.42021,32.24496],[-87.42318,32.24435],[-87.42377,32.24574],[-87.42294,32.24735],[-87.42515,32.24726],[-87.42512,32.24911],[-87.42679,32.24978],[-87.42739,32.25246],[-87.42898,32.25248],[-87.43421,32.25505],[-87.43548,32.25764],[-87.43752,32.25851],[-87.43742,32.26121],[-87.4358,32.26412],[-87.43618,32.26515],[-87.43877,32.26543],[-87.44443,32.26889],[-87.45408,32.26809],[-87.45503,32.26609],[-87.45923,32.26336],[-87.46037,32.2641],[-87.46118,32.26339],[-87.46522,32.26332],[-87.4691,32.26428],[-87.47126,32.26306],[-87.47256,32.26526],[-87.47525,32.26579],[-87.47695,32.26801],[-87.48286,32.26613],[-87.48739,32.2681],[-87.49257,32.26746],[-87.4944,32.26851],[-87.5012,32.26803],[-87.50247,32.26904],[-87.50425,32.26888],[-87.506,32.26693],[-87.51328,32.26631],[-87.51895,32.26157],[-87.52341,32.25483],[-87.52195,32.13282],[-87.62401,32.13235],[-87.62276,32.00548],[-87.66795,32.00216],[-87.66684,31.87575],[-87.63303,31.87604],[-87.62095,31.87039],[-87.62011,31.82712],[-87.55893,31.82751],[-87.50262,31.8292]]]},"properties":{"GEOID":"01131","BASENAME":"Wilcox","NAME":"Wilcox County"}},{"type":"Feature","geometry":{"type":"Polygon","coordinates":[[[-86.90833,32.20338],[-86.9083,32.22503],[-86.81031,32.22475],[-86.81045,32.23759],[-86.81967,32.23357],[-86.82752,32.23581],[-86.82928,32.23534],[-86.83067,32.23696],[-86.8344,32.23671],[-86.83456,32.23871],[-86.8338,32.23925],[-86.83478,32.23942],[-86.83446,32.23999],[-86.83557,32.23987],[-86.83576,32.24096],[-86.83704,32.24059],[-86.84125,32.24199],[-86.84348,32.2468],[-86.8466,32.24771],[-86.84905,32.25128],[-86.85445,32.25577],[-86.85463,32.26104],[-86.85616,32.26298],[-86.85843,32.26361],[-86.85955,32.26583],[-86.86232,32.26689],[-86.86219,32.26824],[-86.86408,32.27049],[-86.86468,32.27356],[-86.86437,32.27492],[-86.86297,32.2747],[-86.86392,32.27646],[-86.86276,32.27653],[-86.86194,32.27813],[-86.86125,32.27786],[-86.86084,32.27887],[-86.85727,32.28051],[-86.85788,32.28211],[-86.85922,32.28209],[-86.8584,32.28411],[-86.85517,32.28508],[-86.85367,32.28728],[-86.85061,32.28612],[-86.84733,32.28791],[-86.84747,32.28921],[-86.84869,32.28973],[-86.84803,32.29105],[-86.84899,32.29218],[-86.84313,32.2934],[-86.84314,32.2945],[-86.84187,32.2944],[-86.83974,32.29688],[-86.83777,32.29707],[-86.8373,32.29927],[-86.83551,32.30004],[-86.83278,32.29949],[-86.83245,32.30108],[-86.83088,32.30162],[-86.82606,32.30596],[-86.83712,32.3088],[-86.85051,32.30986],[-86.85041,32.32895],[-86.81491,32.3408],[-86.80926,32.3455],[-86.80744,32.34859],[-86.80687,32.35178],[-86.80738,32.35436],[-86.8154,32.37082],[-86.81766,32.37306],[-86.8263,32.37803],[-86.82911,32.38084],[-86.83364,32.38964],[-86.83934,32.39457],[-86.84238,32.39828],[-86.84512,32.40518],[-86.84607,32.41248],[-86.84452,32.4165],[-86.83639,32.42014],[-86.82808,32.42075],[-86.82519,32.42252],[-86.82439,32.42473],[-86.82837,32.42821],[-86.84152,32.43179],[-86.8499,32.43833],[-86.85357,32.43893],[-86.8572,32.43837],[-86.85966,32.44022],[-86.86242,32.43869],[-86.86433,32.43944],[-86.86553,32.43784],[-86.86666,32.4378],[-86.8669,32.4403],[-86.86573,32.44161],[-86.86632,32.44364],[-86.86492,32.44415],[-86.86461,32.44572],[-86.86231,32.44684],[-86.86138,32.44948],[-86.85995,32.45063],[-86.86243,32.45645],[-86.86442,32.45835],[-86.86969,32.45851],[-86.87117,32.46495],[-86.87059,32.46714],[-86.86914,32.46834],[-86.87072,32.46904],[-86.87311,32.46863],[-86.87381,32.46976],[-86.87348,32.47246],[-86.87528,32.47265],[-86.8769,32.47429],[-86.87794,32.47882],[-86.88129,32.47963],[-86.88162,32.48102],[-86.88421,32.48134],[-86.88516,32.48223],[-86.88448,32.48299],[-86.88046,32.48359],[-86.87909,32.48641],[-86.87922,32.48779],[-86.8841,32.49086],[-86.88237,32.4921],[-86.88305,32.49381],[-86.88185,32.49549],[-86.88469,32.49657],[-86.88505,32.49829],[-86.88726,32.50109],[-86.89037,32.50245],[-86.89067,32.50541],[-86.88962,32.51018],[-86.89163,32.51092],[-86.89048,32.51352],[-86.89462,32.5149],[-86.89531,32.5164],[-86.89506,32.5215],[-86.89951,32.5254],[-86.90149,32.52925],[-86.90382,32.53047],[-86.90109,32.53249],[-86.90194,32.53586],[-86.9032,32.53696],[-86.90674,32.53698],[-86.90604,32.53996],[-86.90351,32.53992],[-86.9031,32.54063],[-86.90392,32.54207],[-86.90669,32.54352],[-86.90513,32.54939],[-86.90373,32.55103],[-86.90473,32.55407],[-86.8996,32.55699],[-86.9005,32.55888],[-86.89946,32.56041],[-86.89914,32.56424],[-86.89797,32.56685],[-86.90015,32.56931],[-86.90137,32.57483],[-86.89871,32.57745],[-86.90146,32.57992],[-86.90194,32.58221],[-86.9039,32.58374],[-86.90277,32.58717],[-86.90473,32.58769],[-86.9054,32.58888],[-86.9053,32.59081],[-86.90365,32.59261],[-86.90623,32.59748],[-86.90568,32.601],[-86.90665,32.60435],[-86.90859,32.60642],[-86.90589,32.60808],[-86.90988,32.60819],[-86.90953,32.61077],[-86.91225,32.61146],[-86.90962,32.6137],[-86.91016,32.61563],[-86.90954,32.61766],[-86.91232,32.61984],[-86.91115,32.62351],[-86.91282,32.62505],[-86.91123,32.62702],[-86.91086,32.62909],[-86.91174,32.63153],[-86.91288,32.63236],[-86.91378,32.63735],[-86.91608,32.63864],[-86.91592,32.64046],[-86.9181,32.64206],[-86.91886,32.64382],[-86.91764,32.64681],[-86.91471,32.64676],[-86.91319,32.64802],[-86.91505,32.65029],[-86.91815,32.65136],[-86.91805,32.65419],[-86.9212,32.65647],[-86.92032,32.6604],[-86.9176,32.66417],[-87.01766,32.66327],[-87.01776,32.72953],[-87.02063,32.72424],[-87.02154,32.71807],[-87.02544,32.71315],[-87.02515,32.71116],[-87.02757,32.70892],[-87.03326,32.69584],[-87.03293,32.69339],[-87.03592,32.68631],[-87.03525,32.68154],[-87.03175,32.67733],[-87.03075,32.67495],[-87.03219,32.67148],[-87.03139,32.66845],[-87.03208,32.664],[-87.03308,32.66272],[-87.03267,32.66215],[-87.03427,32.65705],[-87.04364,32.64275],[-87.0464,32.63314],[-87.04664,32.63129],[-87.04541,32.62917],[-87.04665,32.62614],[-87.04565,32.6246],[-87.04715,32.62298],[-87.04778,32.62006],[-87.04709,32.61818],[-87.04415,32.61681],[-87.04403,32.61581],[-87.04594,32.6152],[-87.0451,32.61396],[-87.0456,32.61259],[-87.04395,32.6114],[-87.04417,32.60973],[-87.04326,32.60936],[-87.04032,32.60388],[-87.04036,32.5995],[-87.04501,32.59412],[-87.04888,32.59339],[-87.05511,32.58925],[-87.05545,32.58636],[-87.05701,32.58444],[-87.0629,32.58193],[-87.06338,32.58127],[-87.06248,32.58079],[-87.06529,32.57991],[-87.06532,32.57907],[-87.06726,32.57753],[-87.07112,32.57677],[-87.07169,32.57493],[-87.07446,32.57437],[-87.07585,32.57291],[-87.07855,32.57319],[-87.07962,32.57156],[-87.08039,32.57214],[-87.08032,32.57137],[-87.08107,32.57121],[-87.08127,32.5695],[-87.07997,32.56801],[-87.07989,32.56635],[-87.08202,32.56106],[-87.08077,32.56029],[-87.08045,32.55886],[-87.07688,32.55713],[-87.07765,32.55573],[-87.07664,32.55459],[-87.07895,32.55401],[-87.07807,32.55238],[-87.079,32.55145],[-87.07763,32.54871],[-87.07875,32.54708],[-87.07776,32.54515],[-87.08024,32.54304],[-87.07964,32.53979],[-87.08108,32.53902],[-87.08121,32.53736],[-87.08468,32.53794],[-87.08542,32.53676],[-87.08741,32.53664],[-87.08709,32.53531],[-87.09013,32.53423],[-87.09072,32.53092],[-87.08971,32.52809],[-87.09168,32.52575],[-87.09108,32.5247],[-87.09436,32.5247],[-87.09413,32.52196],[-87.097,32.52059],[-87.09822,32.51895],[-87.09824,32.51637],[-87.09669,32.51447],[-87.09919,32.51428],[-87.09998,32.51319],[-87.10047,32.50825],[-87.09951,32.50657],[-87.10248,32.50692],[-87.10317,32.50497],[-87.10099,32.50577],[-87.10072,32.50474],[-87.10856,32.49761],[-87.10865,32.49314],[-87.11236,32.48865],[-87.11652,32.48766],[-87.11828,32.48875],[-87.11897,32.4877],[-87.12499,32.48759],[-87.22098,32.48699],[-87.23455,32.48436],[-87.33871,32.48289],[-87.42315,32.48296],[-87.42233,32.4161],[-87.42287,32.37514],[-87.42174,32.3081],[-87.47308,32.30761],[-87.47191,32.26354],[-87.47083,32.26302],[-87.4691,32.26428],[-87.46522,32.26332],[-87.46118,32.26339],[-87.46037,32.2641],[-87.45843,32.26345],[-87.45503,32.26609],[-87.45408,32.26809],[-87.44443,32.26889],[-87.43877,32.26543],[-87.43618,32.26515],[-87.4358,32.26412],[-87.43742,32.26121],[-87.43752,32.25851],[-87.43548,32.25764],[-87.43421,32.25505],[-87.42898,32.25248],[-87.42739,32.25246],[-87.42679,32.24978],[-87.42512,32.24911],[-87.42515,32.24726],[-87.42294,32.24735],[-87.42377,32.24574],[-87.42318,32.24435],[-87.42021,32.24496],[-87.41722,32.24272],[-87.4142,32.24263],[-87.41251,32.23956],[-87.40835,32.23662],[-87.40261,32.2363],[-87.40256,32.23818],[-87.40099,32.23701],[-87.3987,32.23699],[-87.39816,32.23786],[-87.39876,32.2396],[-87.39781,32.24026],[-87.39428,32.23733],[-87.39258,32.2398],[-87.39193,32.23974],[-87.39075,32.23776],[-87.3907,32.2357],[-87.38849,32.23602],[-87.38989,32.23357],[-87.38665,32.23249],[-87.38938,32.22809],[-87.38658,32.22704],[-87.38563,32.22548],[-87.3886,32.22289],[-87.38086,32.22199],[-87.378,32.2236],[-87.37596,32.22183],[-87.37458,32.22204],[-87.37325,32.21654],[-87.37465,32.21425],[-87.3726,32.21278],[-87.37362,32.20978],[-87.37076,32.20627],[-87.36774,32.206],[-87.36666,32.2024],[-87.36381,32.2035],[-87.36224,32.20282],[-87.36291,32.1986],[-87.36585,32.19789],[-87.36351,32.19615],[-87.36011,32.19727],[-87.35788,32.19698],[-87.35682,32.1987],[-87.35445,32.19929],[-87.35516,32.20131],[-87.35402,32.20202],[-87.35036,32.1976],[-87.34923,32.19757],[-87.34985,32.19945],[-87.34901,32.19984],[-87.34588,32.19829],[-87.34815,32.20147],[-87.34758,32.202],[-87.34494,32.20081],[-87.34392,32.19797],[-87.34125,32.20094],[-87.33796,32.19982],[-87.33667,32.19785],[-87.33335,32.19723],[-87.33111,32.19808],[-87.32837,32.19524],[-87.32564,32.196],[-87.32688,32.19879],[-87.32521,32.19939],[-87.32343,32.1949],[-87.32131,32.19442],[-87.32061,32.19306],[-87.32074,32.1919],[-87.32365,32.18926],[-87.32343,32.18772],[-87.32144,32.18651],[-87.32324,32.18362],[-87.32176,32.18314],[-87.3175,32.18488],[-87.31624,32.1833],[-87.31796,32.18126],[-87.31635,32.18026],[-87.31336,32.18234],[-87.31354,32.18635],[-87.31061,32.18518],[-87.31001,32.18323],[-87.31187,32.18133],[-87.31247,32.17744],[-87.30721,32.17583],[-87.30802,32.17357],[-87.30527,32.17187],[-87.30473,32.17013],[-87.30333,32.16942],[-87.30457,32.1674],[-87.29835,32.16731],[-87.30201,32.16582],[-87.30215,32.16362],[-87.29773,32.16351],[-87.2939,32.16731],[-87.29274,32.1679],[-87.29178,32.16735],[-87.29113,32.16378],[-87.28813,32.1632],[-87.29034,32.16154],[-87.28824,32.16079],[-87.28862,32.15737],[-87.28414,32.15636],[-87.2868,32.15453],[-87.28605,32.1533],[-87.28346,32.15299],[-87.28302,32.15218],[-87.28634,32.1493],[-87.28246,32.149],[-87.28205,32.14759],[-87.28335,32.14567],[-87.28259,32.14453],[-87.28002,32.14468],[-87.27722,32.14689],[-87.27409,32.14511],[-87.27263,32.14687],[-87.27252,32.1493],[-87.27006,32.14642],[-87.26938,32.14401],[-87.26285,32.14701],[-87.26114,32.14536],[-87.26083,32.14377],[-87.2591,32.14355],[-87.25657,32.14472],[-87.25894,32.14152],[-87.25834,32.1397],[-87.252,32.14265],[-87.25224,32.1358],[-87.26116,32.12375],[-87.25843,32.12036],[-87.25738,32.12047],[-87.25698,32.12284],[-87.25159,32.12343],[-87.24785,32.12128],[-87.24493,32.12199],[-87.24454,32.12076],[-87.24637,32.11996],[-87.24359,32.11979],[-87.24036,32.11803],[-87.24118,32.11629],[-87.23912,32.11709],[-87.23966,32.11553],[-87.23733,32.11537],[-87.23787,32.11438],[-87.23559,32.11338],[-87.23745,32.11131],[-87.23561,32.10822],[-87.23503,32.10492],[-87.23387,32.10432],[-87.23386,32.10142],[-87.23264,32.1014],[-87.23241,32.10027],[-87.23056,32.09957],[-87.22988,32.09831],[-87.22849,32.09803],[-87.22318,32.09352],[-87.22227,32.09382],[-87.22238,32.09579],[-87.2217,32.09611],[-87.22071,32.09398],[-87.21842,32.09451],[-87.21726,32.09279],[-87.21368,32.09341],[-87.21314,32.09146],[-87.21212,32.0916],[-87.21239,32.09279],[-87.21077,32.0935],[-87.21134,32.09167],[-87.21034,32.09117],[-87.21026,32.09279],[-87.20881,32.09325],[-87.209,32.09229],[-87.20773,32.09066],[-87.20781,32.09217],[-87.20504,32.09362],[-87.20356,32.09073],[-87.19931,32.09004],[-87.20044,32.08894],[-87.19895,32.08759],[-87.19712,32.08755],[-87.19605,32.08441],[-87.19096,32.08459],[-87.18999,32.08615],[-87.189,32.08301],[-87.18943,32.08056],[-87.19105,32.07993],[-87.19194,32.07612],[-87.19305,32.07723],[-87.19468,32.07572],[-87.19095,32.07382],[-87.19229,32.0723],[-87.19027,32.07115],[-87.19168,32.07052],[-87.1888,32.06903],[-87.18878,32.06758],[-87.18737,32.06846],[-87.18542,32.06813],[-87.18606,32.06688],[-87.185,32.06625],[-87.18096,32.06751],[-87.17819,32.06612],[-87.17731,32.06468],[-87.17558,32.0647],[-87.17581,32.0634],[-87.17763,32.06179],[-87.17654,32.06036],[-87.17503,32.0606],[-87.17451,32.05986],[-87.17555,32.05901],[-87.17662,32.06011],[-87.17727,32.05968],[-87.17567,32.05751],[-87.17791,32.05582],[-87.17428,32.05461],[-87.17524,32.05356],[-87.17407,32.05236],[-87.1755,32.05188],[-87.17582,32.0509],[-87.17751,32.05203],[-87.17868,32.04881],[-87.17786,32.04751],[-86.98853,32.04723],[-86.90696,32.04797],[-86.90833,32.20338]]]},"properties":{"GEOID":"01047","BASENAME":"Dallas","NAME":"Dallas County"}},{"type":"Feature","geometry":{"type":"Polygon","coordinates":[[[-88.43201,31.1143],[-88.41863,30.86657],[-88.40818,30.63938],[-88.40779,30.63231],[-88.40692,30.6302],[-88.40748,30.6295],[-88.40733,30.61355],[-88.40493,30.56663],[-88.40599,30.56495],[-88.40543,30.56157],[-88.40418,30.55951],[-88.40468,30.55457],[-88.40537,30.55394],[-88.40418,30.54976],[-88.40359,30.54199],[-88.40261,30.53971],[-88.40343,30.53051],[-88.38443,30.15854],[-88.37116,30.16561],[-88.35976,30.17454],[-88.35381,30.1809],[-88.34772,30.19009],[-88.33804,30.18485],[-88.32493,30.18024],[-88.3103,30.17782],[-88.30302,30.17796],[-88.26659,30.1817],[-88.25,30.18464],[-88.21,30.19361],[-88.16202,30.20009],[-88.1612,30.19836],[-88.15348,30.19037],[-88.14619,30.18536],[-88.14346,30.18206],[-88.13837,30.17797],[-88.13161,30.17362],[-88.125,30.17047],[-88.1156,30.16774],[-88.10342,30.16638],[-88.09022,30.15452],[-88.07487,30.14715],[-88.06069,30.14443],[-88.0461,30.14469],[-88.03731,30.14656],[-88.03711,30.22243],[-88.00084,30.53108],[-87.99894,30.53398],[-87.9971,30.53435],[-87.99372,30.53702],[-87.99171,30.54058],[-87.99076,30.54474],[-87.98784,30.63715],[-87.9898,30.65928],[-87.99196,30.67036],[-87.99418,30.67349],[-87.99925,30.67751],[-88.00617,30.67999],[-88.00894,30.68202],[-88.0084,30.68496],[-88.00172,30.69567],[-88.001,30.69829],[-88.00166,30.70462],[-88.00342,30.7083],[-88.01033,30.71344],[-88.01254,30.71689],[-88.0149,30.72299],[-88.01548,30.72714],[-88.01422,30.73793],[-88.01825,30.74392],[-88.02524,30.74934],[-88.02632,30.75336],[-88.0202,30.76459],[-88.02028,30.76771],[-88.0222,30.77219],[-88.0222,30.77449],[-88.01416,30.78328],[-87.99896,30.78764],[-87.99239,30.79126],[-87.99034,30.79577],[-87.99158,30.80636],[-87.98937,30.80974],[-87.98707,30.81144],[-87.97694,30.81439],[-87.96344,30.82057],[-87.95155,30.82126],[-87.94667,30.82364],[-87.94455,30.82705],[-87.94467,30.83668],[-87.95448,30.84941],[-87.96073,30.85383],[-87.96707,30.85706],[-87.98097,30.86187],[-87.98504,30.8665],[-87.98645,30.87339],[-87.98452,30.88145],[-87.97969,30.88899],[-87.97519,30.89366],[-87.96769,30.8996],[-87.96052,30.90276],[-87.95838,30.9045],[-87.95764,30.90728],[-87.95555,30.90884],[-87.9559,30.91122],[-87.95442,30.91169],[-87.95423,30.92097],[-87.95239,30.9248],[-87.94525,30.92855],[-87.93499,30.93008],[-87.92429,30.9354],[-87.92394,30.9363],[-87.92572,30.94291],[-87.92833,30.94626],[-87.93816,30.95012],[-87.94055,30.9519],[-87.94355,30.96177],[-87.9459,30.96414],[-87.95274,30.96654],[-87.96326,30.96605],[-87.96491,30.96682],[-87.96458,30.96998],[-87.96119,30.97487],[-87.96055,30.98286],[-87.95756,30.98632],[-87.95662,30.98978],[-87.9584,31.00312],[-87.9592,31.00408],[-87.9633,31.00531],[-87.9648,31.00819],[-87.96207,31.01109],[-87.95895,31.01286],[-87.95586,31.01207],[-87.95394,31.01248],[-87.95073,31.01845],[-87.95,31.02121],[-87.95735,31.02937],[-87.95779,31.03283],[-87.95565,31.03613],[-87.94758,31.04065],[-87.94286,31.04523],[-87.94093,31.04981],[-87.94134,31.0594],[-87.94343,31.06492],[-87.94658,31.06723],[-87.9487,31.06786],[-87.96324,31.06803],[-87.96479,31.06889],[-87.96732,31.07144],[-87.97055,31.07734],[-87.97585,31.08242],[-87.97688,31.08534],[-87.9766,31.08834],[-87.97505,31.09122],[-87.96585,31.09822],[-87.94553,31.12331],[-87.94456,31.12518],[-87.94424,31.13481],[-87.93992,31.14361],[-87.94012,31.14724],[-87.94373,31.14968],[-87.95633,31.14626],[-87.96023,31.14647],[-87.96628,31.14826],[-87.97228,31.15276],[-87.97419,31.15681],[-87.97442,31.16012],[-87.97287,31.16269],[-87.97347,31.16429],[-87.98882,31.17331],[-88.02265,31.14427],[-88.32978,31.14382],[-88.32993,31.11436],[-88.43201,31.1143]]]},"properties":{"GEOID":"01097","BASENAME":"Mobile","NAME":"Mobile County"}},{"type":"Feature","geometry":{"type":"Polygon","coordinates":[[[-87.95201,33.88393],[-87.9463,33.6578],[-87.94652,33.52406],[-87.8503,33.52516],[-87.79939,33.52316],[-87.73665,33.51957],[-87.66666,33.52167],[-87.66663,33.57981],[-87.63161,33.58067],[-87.63172,33.60983],[-87.58463,33.60717],[-87.4237,33.6021],[-87.42384,33.68911],[-87.52834,33.69205],[-87.53147,33.82872],[-87.5316,33.86762],[-87.63604,33.872],[-87.63593,33.91525],[-87.73958,33.91472],[-87.86324,33.91951],[-87.88187,33.91892],[-87.95179,33.91993],[-87.95201,33.88393]]]},"properties":{"GEOID":"01057","BASENAME":"Fayette","NAME":"Fayette County"}},{"type":"Feature","geometry":{"type":"Polygon","coordinates":[[[-85.37713,32.7303],[-85.28504,32.73073],[-85.28484,32.74513],[-85.13504,32.74653],[-85.13945,32.75183],[-85.14102,32.75697],[-85.14289,32.75947],[-85.14283,32.76211],[-85.14162,32.76416],[-85.13742,32.76719],[-85.13772,32.76984],[-85.13669,32.77117],[-85.13088,32.76956],[-85.12414,32.77183],[-85.12219,32.77335],[-85.12276,32.77519],[-85.12622,32.77919],[-85.1311,32.78031],[-85.13489,32.78446],[-85.13966,32.78515],[-85.13983,32.78714],[-85.14118,32.78866],[-85.14218,32.79214],[-85.14633,32.79157],[-85.153,32.79498],[-85.15506,32.7981],[-85.16214,32.80424],[-85.16805,32.81184],[-85.16864,32.81425],[-85.16525,32.81812],[-85.16485,32.81979],[-85.16831,32.8265],[-85.16834,32.82852],[-85.16411,32.83529],[-85.16058,32.83825],[-85.15486,32.83969],[-85.15401,32.84074],[-85.15339,32.84486],[-85.15629,32.85052],[-85.15984,32.85494],[-85.16231,32.85648],[-85.16597,32.85524],[-85.16869,32.85259],[-85.17712,32.85389],[-85.18011,32.85591],[-85.1844,32.86132],[-85.18491,32.86894],[-85.18413,32.87053],[-85.18474,32.87051],[-85.18874,32.88973],[-85.23238,33.10808],[-85.46874,33.10904],[-85.59318,33.10734],[-85.59315,32.72853],[-85.57679,32.72885],[-85.57675,32.73636],[-85.56808,32.7365],[-85.56807,32.72902],[-85.49066,32.73063],[-85.49075,32.73773],[-85.48185,32.73783],[-85.48205,32.73053],[-85.43055,32.73033],[-85.43055,32.74503],[-85.41345,32.74473],[-85.41345,32.73743],[-85.40481,32.73773],[-85.40455,32.73053],[-85.37713,32.7303]]]},"properties":{"GEOID":"01017","BASENAME":"Chambers","NAME":"Chambers County"}}]}